{
    "IntendedFor": "anat/*_space-T1w_desc-groundtruth_afids.fcsv",
    "FiducialsCoordinateSystem": "RAS",
    "FiducialsCoordinateUnits": "mm",
    "FiducialsCoordinateSystemDescription": "RAS orientation: Origin halfway between LPA and RPA, positive x-axis towards RPA, positive y-axis orthogonal to x-axis through Nasion,  z-axis orthogonal to xy-plane, pointing in superior direction.",
    "FiducialsCoordinates": {
        "AC": [
            -80.8555666666667,
            118.774333333333,
            122.068333333333
        ],
        "PC": [
            -79.6794666666667,
            91.9612666666667,
            119.044666666667
        ],
        "infracollicular sulcus": [
            -79.0626666666667,
            79.7223,
            108.957
        ],
        "PMJ": [
            -79.5980333333333,
            93.5276666666667,
            102.396666666667
        ],
        "superior interpeduncular fossa": [
            -79.8635333333333,
            101.573333333333,
            114.840666666667
        ],
        "R superior LMS": [
            -67.2610333333333,
            91.1165,
            111.555333333333
        ],
        "L superior LMS": [
            -91.0951666666667,
            90.0277333333333,
            111.9
        ],
        "R inferior LMS": [
            -69.1613666666667,
            89.1878333333333,
            102.063333333333
        ],
        "L inferior LMS": [
            -89.1977,
            86.6847333333333,
            101.480333333333
        ],
        "culmen": [
            -77.8103666666667,
            59.5653666666667,
            109.446666666667
        ],
        "intermammillary sulcus": [
            -80.4073333333333,
            107.375333333333,
            112.991
        ],
        "R MB": [
            -78.2224333333333,
            107.161,
            114.721666666667
        ],
        "L MB": [
            -83.0373666666667,
            107.55,
            114.095666666667
        ],
        "pineal gland": [
            -79.1021333333333,
            86.8013666666667,
            120.545666666667
        ],
        "R LV at AC": [
            -63.7208,
            116.094666666667,
            152.190333333333
        ],
        "L LV at AC": [
            -97.6078,
            114.871,
            150.493666666667
        ],
        "R LV at PC": [
            -60.3894666666667,
            89.3523,
            149.310333333333
        ],
        "L LV at PC": [
            -98.1052666666667,
            88.1836,
            146.269333333333
        ],
        "genu of CC": [
            -82.4619,
            148.499666666667,
            132.327666666667
        ],
        "splenium": [
            -79.414,
            79.5674666666667,
            119.171666666667
        ],
        "R AL temporal horn": [
            -45.7156666666667,
            111.974,
            103.265
        ],
        "L AL temporal horn": [
            -115.533,
            112.809333333333,
            100.516833333333
        ],
        "R superior AM temporal horn": [
            -59.6793,
            106.706,
            106.296666666667
        ],
        "L superior AM temporal horn": [
            -98.6441333333333,
            106.651,
            107.564333333333
        ],
        "R inferior AM temporal horn": [
            -61.5091666666667,
            113.413,
            99.7293666666667
        ],
        "L inferior AM temporal horn": [
            -104.202333333333,
            114.489666666667,
            97.9736
        ],
        "R indusium griseum origin": [
            -62.2799666666667,
            74.8245666666667,
            117.150666666667
        ],
        "L indusium griseum origin": [
            -96.6640666666667,
            76.4957666666667,
            119.003
        ],
        "R ventral occipital horn": [
            -58.2646666666667,
            39.544,
            107.750333333333
        ],
        "L ventral occipital horn": [
            -95.4816,
            43.1227,
            110.5035
        ],
        "R olfactory sulcal fundus": [
            -67.6214333333333,
            131.554,
            114.413
        ],
        "L olfactory sulcal fundus": [
            -93.5467666666667,
            133.102,
            116.769333333333
        ]
    }
}
