{
    "IntendedFor": "anat/*_space-T1w_desc-groundtruth_afids.fcsv",
    "FiducialsCoordinateSystem": "RAS",
    "FiducialsCoordinateUnits": "mm",
    "FiducialsCoordinateSystemDescription": "RAS orientation: Origin halfway between LPA and RPA, positive x-axis towards RPA, positive y-axis orthogonal to x-axis through Nasion,  z-axis orthogonal to xy-plane, pointing in superior direction.",
    "FiducialsCoordinates": {
        "AC": [
            -79.2201666666667,
            133.699666666667,
            118.664666666667
        ],
        "PC": [
            -79.1070333333333,
            108.439333333333,
            126.036333333333
        ],
        "infracollicular sulcus": [
            -79.1407666666667,
            96.1315,
            121.222666666667
        ],
        "PMJ": [
            -78.3931,
            109.070666666667,
            108.299333333333
        ],
        "superior interpeduncular fossa": [
            -78.9550333333333,
            118.055,
            115.446333333333
        ],
        "R superior LMS": [
            -68.0462333333333,
            106.086333333333,
            119.575333333333
        ],
        "L superior LMS": [
            -89.6990666666667,
            106.231,
            118.62
        ],
        "R inferior LMS": [
            -69.2251,
            101.698,
            110.131
        ],
        "L inferior LMS": [
            -88.2612666666667,
            102.206,
            109.46
        ],
        "culmen": [
            -79.2832666666667,
            88.0374666666667,
            137.085333333333
        ],
        "intermammillary sulcus": [
            -78.4525666666667,
            121.996666666667,
            109.586666666667
        ],
        "R MB": [
            -76.7326666666667,
            122.444,
            110.739
        ],
        "L MB": [
            -80.5709666666667,
            122.361666666667,
            110.626666666667
        ],
        "pineal gland": [
            -79.0821333333333,
            103.830333333333,
            129.441
        ],
        "R LV at AC": [
            -67.8311,
            140.848666666667,
            142.882
        ],
        "L LV at AC": [
            -92.7045,
            140.672333333333,
            142.649
        ],
        "R LV at PC": [
            -64.9620333333333,
            115.472333333333,
            149.696333333333
        ],
        "L LV at PC": [
            -93.6834666666667,
            115.120666666667,
            148.924
        ],
        "genu of CC": [
            -79.6858666666667,
            164.125333333333,
            119.985333333333
        ],
        "splenium": [
            -79.1000666666667,
            99.0886333333333,
            135.732666666667
        ],
        "R AL temporal horn": [
            -50.6925666666667,
            126.140333333333,
            101.297666666667
        ],
        "L AL temporal horn": [
            -107.893,
            124.417333333333,
            101.412
        ],
        "R superior AM temporal horn": [
            -64.7644666666667,
            122.751666666667,
            110.631
        ],
        "L superior AM temporal horn": [
            -93.0628666666667,
            121.212,
            109.204
        ],
        "R inferior AM temporal horn": [
            -60.6959333333333,
            126.753666666667,
            100.048
        ],
        "L inferior AM temporal horn": [
            -95.9027666666667,
            127.185666666667,
            98.8959333333333
        ],
        "R indusium griseum origin": [
            -67.4328,
            96.2553666666667,
            135.100333333333
        ],
        "L indusium griseum origin": [
            -92.3606,
            92.9776333333333,
            135.041666666667
        ],
        "R ventral occipital horn": [
            -59.2837,
            63.6112333333333,
            143.819333333333
        ],
        "L ventral occipital horn": [
            -92.1672666666667,
            57.9840333333333,
            141.766333333333
        ],
        "R olfactory sulcal fundus": [
            -69.7708666666667,
            148.729,
            113.284
        ],
        "L olfactory sulcal fundus": [
            -91.3609666666667,
            147.111333333333,
            111.040666666667
        ]
    }
}
