{
    "IntendedFor": "anat/*_space-T1w_desc-groundtruth_afids.fcsv",
    "FiducialsCoordinateSystem": "RAS",
    "FiducialsCoordinateUnits": "mm",
    "FiducialsCoordinateSystemDescription": "RAS orientation: Origin halfway between LPA and RPA, positive x-axis towards RPA, positive y-axis orthogonal to x-axis through Nasion,  z-axis orthogonal to xy-plane, pointing in superior direction.",
    "FiducialsCoordinates": {
        "AC": [
            -84.0112,
            136.672333333333,
            156.463
        ],
        "PC": [
            -82.0932333333333,
            110.162,
            150.62
        ],
        "infracollicular sulcus": [
            -81.0639666666667,
            102.411666666667,
            140.501
        ],
        "PMJ": [
            -82.7183,
            118.007,
            139.318
        ],
        "superior interpeduncular fossa": [
            -82.5412666666667,
            120.233333333333,
            148.059666666667
        ],
        "R superior LMS": [
            -68.5428,
            112.723,
            146.5
        ],
        "L superior LMS": [
            -93.2833666666667,
            108.084333333333,
            144.833333333333
        ],
        "R inferior LMS": [
            -70.4127666666667,
            112.255333333333,
            137.886
        ],
        "L inferior LMS": [
            -91.8711666666667,
            109.414333333333,
            136.712333333333
        ],
        "culmen": [
            -80.5527333333333,
            76.9347,
            146.238666666667
        ],
        "intermammillary sulcus": [
            -83.6778666666667,
            128.472666666667,
            147.580666666667
        ],
        "R MB": [
            -80.5102666666667,
            128.911666666667,
            148.118666666667
        ],
        "L MB": [
            -86.4539333333333,
            128.252666666667,
            147.445
        ],
        "pineal gland": [
            -81.5843333333333,
            103.99,
            151.846666666667
        ],
        "R LV at AC": [
            -68.2948,
            131.107666666667,
            184.329666666667
        ],
        "L LV at AC": [
            -103.450666666667,
            129.966333333333,
            182.303333333333
        ],
        "R LV at PC": [
            -63.6801333333333,
            104.097,
            181.093666666667
        ],
        "L LV at PC": [
            -102.237333333333,
            102.963333333333,
            178.452666666667
        ],
        "genu of CC": [
            -86.0280666666667,
            164.406666666667,
            170.068
        ],
        "splenium": [
            -81.0101666666667,
            88.6954666666667,
            156.213333333333
        ],
        "R AL temporal horn": [
            -49.1587,
            135.708666666667,
            140.649
        ],
        "L AL temporal horn": [
            -116.599333333333,
            125.715333333333,
            138.169333333333
        ],
        "R superior AM temporal horn": [
            -63.1445666666667,
            128.636333333333,
            144.894333333333
        ],
        "L superior AM temporal horn": [
            -102.387666666667,
            122.912666666667,
            142.277666666667
        ],
        "R inferior AM temporal horn": [
            -58.7041,
            136.075666666667,
            136.699666666667
        ],
        "L inferior AM temporal horn": [
            -108.675666666667,
            127.414,
            135.812
        ],
        "R indusium griseum origin": [
            -67.4332666666667,
            92.1826333333333,
            152.789333333333
        ],
        "L indusium griseum origin": [
            -94.4580666666667,
            84.5191333333333,
            149.360333333333
        ],
        "R ventral occipital horn": [
            -58.3737333333333,
            52.0364666666667,
            140.612
        ],
        "L ventral occipital horn": [
            -92.7473,
            45.215,
            131.544666666667
        ],
        "R olfactory sulcal fundus": [
            -72.3776666666667,
            152.131666666667,
            154.781333333333
        ],
        "L olfactory sulcal fundus": [
            -99.0792666666667,
            151.455333333333,
            152.534666666667
        ]
    }
}
