{
    "IntendedFor": "anat/*_space-T1w_desc-groundtruth_afids.fcsv",
    "FiducialsCoordinateSystem": "RAS",
    "FiducialsCoordinateUnits": "mm",
    "FiducialsCoordinateSystemDescription": "RAS orientation: Origin halfway between LPA and RPA, positive x-axis towards RPA, positive y-axis orthogonal to x-axis through Nasion,  z-axis orthogonal to xy-plane, pointing in superior direction.",
    "FiducialsCoordinates": {
        "AC": [
            -82.8704,
            123.036,
            130.912333333333
        ],
        "PC": [
            -81.2491666666667,
            97.8467666666667,
            124.142333333333
        ],
        "infracollicular sulcus": [
            -80.8097666666667,
            89.8489,
            114.412333333333
        ],
        "PMJ": [
            -81.1935333333333,
            105.859333333333,
            109.956
        ],
        "superior interpeduncular fossa": [
            -81.7613,
            110.960333333333,
            120.776333333333
        ],
        "R superior LMS": [
            -69.7438666666667,
            99.8861666666667,
            118.121
        ],
        "L superior LMS": [
            -91.9483666666667,
            98.8107333333333,
            118.044666666667
        ],
        "R inferior LMS": [
            -71.6110333333333,
            99.0962666666667,
            108.020666666667
        ],
        "L inferior LMS": [
            -89.9961,
            99.2620666666667,
            108.178333333333
        ],
        "culmen": [
            -80.0565666666667,
            72.8331666666667,
            122.284333333333
        ],
        "intermammillary sulcus": [
            -81.9477,
            117.059,
            118.940333333333
        ],
        "R MB": [
            -79.9202333333333,
            117.985,
            119.711333333333
        ],
        "L MB": [
            -84.0125333333333,
            117.369666666667,
            119.549666666667
        ],
        "pineal gland": [
            -81.0521333333333,
            89.7595666666667,
            124.463666666667
        ],
        "R LV at AC": [
            -68.0341333333333,
            117.800333333333,
            154.200666666667
        ],
        "L LV at AC": [
            -97.7831333333333,
            115.888333333333,
            154.219333333333
        ],
        "R LV at PC": [
            -64.5090666666667,
            92.0261,
            149.845666666667
        ],
        "L LV at PC": [
            -98.6152,
            90.0461333333333,
            149.485666666667
        ],
        "genu of CC": [
            -83.9416,
            143.272333333333,
            148.469
        ],
        "splenium": [
            -80.7166,
            83.8360333333333,
            127.759333333333
        ],
        "R AL temporal horn": [
            -54.5703333333333,
            128.643333333333,
            109.169333333333
        ],
        "L AL temporal horn": [
            -110.307333333333,
            123.431,
            110.035333333333
        ],
        "R superior AM temporal horn": [
            -61.6124,
            117.951333333333,
            117.401333333333
        ],
        "L superior AM temporal horn": [
            -98.502,
            115.023666666667,
            116.746666666667
        ],
        "R inferior AM temporal horn": [
            -62.8955,
            128.900666666667,
            107.807
        ],
        "L inferior AM temporal horn": [
            -101.143333333333,
            126.519666666667,
            108.328333333333
        ],
        "R indusium griseum origin": [
            -66.1778333333333,
            81.7565666666667,
            126.218333333333
        ],
        "L indusium griseum origin": [
            -93.9068333333333,
            77.7658666666667,
            125.295333333333
        ],
        "R ventral occipital horn": [
            -60.6727333333333,
            47.1048666666667,
            116.094
        ],
        "L ventral occipital horn": [
            -94.6416,
            41.2016,
            114.915
        ],
        "R olfactory sulcal fundus": [
            -70.9623333333333,
            141.545666666667,
            132.044666666667
        ],
        "L olfactory sulcal fundus": [
            -96.0061,
            139.4,
            130.122333333333
        ]
    }
}
