{
    "IntendedFor": "anat/*_space-T1w_desc-groundtruth_afids.fcsv",
    "FiducialsCoordinateSystem": "RAS",
    "FiducialsCoordinateUnits": "mm",
    "FiducialsCoordinateSystemDescription": "RAS orientation: Origin halfway between LPA and RPA, positive x-axis towards RPA, positive y-axis orthogonal to x-axis through Nasion,  z-axis orthogonal to xy-plane, pointing in superior direction.",
    "FiducialsCoordinates": {
        "AC": [
            -79.8785666666667,
            127.917333333333,
            125.761
        ],
        "PC": [
            -80.1995666666667,
            101.304,
            119.985
        ],
        "infracollicular sulcus": [
            -79.8198333333333,
            92.0732,
            108.876666666667
        ],
        "PMJ": [
            -79.3935666666667,
            106.824,
            106.957
        ],
        "superior interpeduncular fossa": [
            -79.5900333333333,
            113.132333333333,
            117.423
        ],
        "R superior LMS": [
            -67.1562666666667,
            102.05,
            113.999666666667
        ],
        "L superior LMS": [
            -91.8966666666667,
            101.394333333333,
            113.105
        ],
        "R inferior LMS": [
            -68.4789,
            98.7548666666667,
            100.6112
        ],
        "L inferior LMS": [
            -90.5598333333333,
            100.793,
            102.127333333333
        ],
        "culmen": [
            -81.2434666666667,
            76.2635,
            112.675333333333
        ],
        "intermammillary sulcus": [
            -79.7200333333333,
            120.612,
            115.993333333333
        ],
        "R MB": [
            -76.7203333333333,
            120.254,
            117.408333333333
        ],
        "L MB": [
            -82.1307333333333,
            119.863,
            116.651666666667
        ],
        "pineal gland": [
            -80.5902,
            96.3812666666667,
            120.767666666667
        ],
        "R LV at AC": [
            -63.7775666666667,
            121.019,
            155.6
        ],
        "L LV at AC": [
            -98.188,
            121.685333333333,
            154.526333333333
        ],
        "R LV at PC": [
            -60.6087,
            94.462,
            149.809
        ],
        "L LV at PC": [
            -101.557,
            95.5669333333333,
            148.262
        ],
        "genu of CC": [
            -79.6196666666667,
            155.195333333333,
            137.574666666667
        ],
        "splenium": [
            -81.6076,
            86.9291,
            122.179666666667
        ],
        "R AL temporal horn": [
            -45.5695333333333,
            125.699,
            102.026333333333
        ],
        "L AL temporal horn": [
            -113.274666666667,
            124.300333333333,
            103.728
        ],
        "R superior AM temporal horn": [
            -58.6332666666667,
            118.695333333333,
            111.143
        ],
        "L superior AM temporal horn": [
            -99.6464333333333,
            118.097,
            109.696666666667
        ],
        "R inferior AM temporal horn": [
            -58.5341333333333,
            127.177666666667,
            101.979666666667
        ],
        "L inferior AM temporal horn": [
            -103.180933333333,
            125.590666666667,
            102.286666666667
        ],
        "R indusium griseum origin": [
            -70.1888,
            88.40335,
            118.8735
        ],
        "L indusium griseum origin": [
            -94.5527,
            85.3851,
            118.355
        ],
        "R ventral occipital horn": [
            -62.8995666666667,
            50.1623666666667,
            109.769
        ],
        "L ventral occipital horn": [
            -97.3689,
            45.5121,
            103.721666666667
        ],
        "R olfactory sulcal fundus": [
            -68.4308666666667,
            140.677333333333,
            120.709333333333
        ],
        "L olfactory sulcal fundus": [
            -91.4304666666667,
            139.615,
            119.393666666667
        ]
    }
}
