{
    "IntendedFor": "anat/*_space-T1w_desc-groundtruth_afids.fcsv",
    "FiducialsCoordinateSystem": "RAS",
    "FiducialsCoordinateUnits": "mm",
    "FiducialsCoordinateSystemDescription": "RAS orientation: Origin halfway between LPA and RPA, positive x-axis towards RPA, positive y-axis orthogonal to x-axis through Nasion,  z-axis orthogonal to xy-plane, pointing in superior direction.",
    "FiducialsCoordinates": {
        "AC": [
            -81.6054666666667,
            130.56,
            124.163333333333
        ],
        "PC": [
            -81.3343666666667,
            105.168,
            118.573333333333
        ],
        "infracollicular sulcus": [
            -81.7470333333333,
            95.4454666666667,
            107.543333333333
        ],
        "PMJ": [
            -82.6186333333333,
            110.802666666667,
            103.517666666667
        ],
        "superior interpeduncular fossa": [
            -81.893,
            115.989333333333,
            113.739666666667
        ],
        "R superior LMS": [
            -69.4629666666667,
            105.516,
            111.474333333333
        ],
        "L superior LMS": [
            -94.1168,
            105.360333333333,
            112.587
        ],
        "R inferior LMS": [
            -72.2331333333333,
            103.594333333333,
            100.9957
        ],
        "L inferior LMS": [
            -92.4824333333333,
            104.464,
            102.017
        ],
        "culmen": [
            -80.6524666666667,
            77.1901333333333,
            115.793
        ],
        "intermammillary sulcus": [
            -82.0198333333333,
            122.087333333333,
            112.466666666667
        ],
        "R MB": [
            -80.1530666666667,
            122.345666666667,
            113.578666666667
        ],
        "L MB": [
            -84.1655,
            122.082333333333,
            113.789666666667
        ],
        "pineal gland": [
            -81.2286666666667,
            100.24,
            120.152333333333
        ],
        "R LV at AC": [
            -65.0463333333333,
            125.018666666667,
            150.993333333333
        ],
        "L LV at AC": [
            -95.2405666666667,
            124.148666666667,
            151.991
        ],
        "R LV at PC": [
            -60.9893333333333,
            99.6355,
            144.886333333333
        ],
        "L LV at PC": [
            -98.0636666666667,
            98.8924666666667,
            146.410666666667
        ],
        "genu of CC": [
            -81.0682666666667,
            161.438666666667,
            142.958666666667
        ],
        "splenium": [
            -79.6134,
            91.8867333333333,
            123.723333333333
        ],
        "R AL temporal horn": [
            -51.8892666666667,
            131.129666666667,
            101.984333333333
        ],
        "L AL temporal horn": [
            -114.001666666667,
            128.164666666667,
            104.884666666667
        ],
        "R superior AM temporal horn": [
            -59.4204,
            123.316,
            108.628333333333
        ],
        "L superior AM temporal horn": [
            -105.535333333333,
            121.117666666667,
            110.183666666667
        ],
        "R inferior AM temporal horn": [
            -65.5743,
            131.571333333333,
            100.976
        ],
        "L inferior AM temporal horn": [
            -102.137333333333,
            129.881666666667,
            102.891333333333
        ],
        "R indusium griseum origin": [
            -68.6015333333333,
            89.6574333333333,
            120.414666666667
        ],
        "L indusium griseum origin": [
            -91.7804,
            88.2527,
            118.936
        ],
        "R ventral occipital horn": [
            -61.9638666666667,
            51.1080333333333,
            108.666
        ],
        "L ventral occipital horn": [
            -97.461,
            47.0957333333333,
            109.468666666667
        ],
        "R olfactory sulcal fundus": [
            -70.6862666666667,
            149.724333333333,
            122.710333333333
        ],
        "L olfactory sulcal fundus": [
            -92.8061333333333,
            147.398333333333,
            121.459666666667
        ]
    }
}
