{
    "IntendedFor": "anat/*_space-T1w_desc-groundtruth_afids.fcsv",
    "FiducialsCoordinateSystem": "RAS",
    "FiducialsCoordinateUnits": "mm",
    "FiducialsCoordinateSystemDescription": "RAS orientation: Origin halfway between LPA and RPA, positive x-axis towards RPA, positive y-axis orthogonal to x-axis through Nasion,  z-axis orthogonal to xy-plane, pointing in superior direction.",
    "FiducialsCoordinates": {
        "AC": [
            -80.0233333333333,
            121.636666666667,
            127.474666666667
        ],
        "PC": [
            -81.5400333333333,
            95.2756666666667,
            114.373
        ],
        "infracollicular sulcus": [
            -82.2541,
            88.6065333333333,
            102.309
        ],
        "PMJ": [
            -81.6613333333333,
            104.78,
            102.668333333333
        ],
        "superior interpeduncular fossa": [
            -81.2154666666667,
            108.301,
            113.482
        ],
        "R superior LMS": [
            -69.7020333333333,
            97.6527,
            107.474333333333
        ],
        "L superior LMS": [
            -93.5196,
            96.8514,
            108.092666666667
        ],
        "R inferior LMS": [
            -72.2005,
            97.7531,
            97.7611666666667
        ],
        "L inferior LMS": [
            -92.5731333333333,
            97.6145666666667,
            99.0985666666667
        ],
        "culmen": [
            -84.0337333333333,
            72.8116,
            103.987666666667
        ],
        "intermammillary sulcus": [
            -81.1576666666667,
            114.848333333333,
            114.198333333333
        ],
        "R MB": [
            -78.2126666666667,
            114.509,
            114.686333333333
        ],
        "L MB": [
            -83.8822333333333,
            114.209333333333,
            115.176333333333
        ],
        "pineal gland": [
            -81.7742333333333,
            90.1283666666667,
            115.039
        ],
        "R LV at AC": [
            -61.6823,
            106.980333333333,
            154.811333333333
        ],
        "L LV at AC": [
            -100.334833333333,
            107.229666666667,
            158.784666666667
        ],
        "R LV at PC": [
            -59.8322,
            79.4798666666667,
            143.604666666667
        ],
        "L LV at PC": [
            -104.562,
            80.8428333333333,
            146.037666666667
        ],
        "genu of CC": [
            -78.2411333333333,
            142.583333333333,
            150.430666666667
        ],
        "splenium": [
            -81.2514,
            84.6849,
            116.704666666667
        ],
        "R AL temporal horn": [
            -46.6853666666667,
            127.464666666667,
            103.615666666667
        ],
        "L AL temporal horn": [
            -115.734,
            125.084333333333,
            107.024333333333
        ],
        "R superior AM temporal horn": [
            -63.0147333333333,
            115.402,
            111.605
        ],
        "L superior AM temporal horn": [
            -105.046333333333,
            115.396333333333,
            112.975666666667
        ],
        "R inferior AM temporal horn": [
            -60.1192666666667,
            126.448,
            106.235666666667
        ],
        "L inferior AM temporal horn": [
            -101.924333333333,
            124.968,
            107.619666666667
        ],
        "R indusium griseum origin": [
            -69.4224,
            77.6928666666667,
            115.575
        ],
        "L indusium griseum origin": [
            -95.4540333333333,
            79.3233666666667,
            112.670333333333
        ],
        "R ventral occipital horn": [
            -65.8193333333333,
            46.5082333333333,
            91.7190333333333
        ],
        "L ventral occipital horn": [
            -98.0589333333333,
            35.1719666666667,
            86.6051333333333
        ],
        "R olfactory sulcal fundus": [
            -68.8274,
            137.727333333333,
            130.618666666667
        ],
        "L olfactory sulcal fundus": [
            -91.7595,
            136.387,
            130.011666666667
        ]
    }
}
