{
    "IntendedFor": "anat/*_space-T1w_desc-groundtruth_afids.fcsv",
    "FiducialsCoordinateSystem": "RAS",
    "FiducialsCoordinateUnits": "mm",
    "FiducialsCoordinateSystemDescription": "RAS orientation: Origin halfway between LPA and RPA, positive x-axis towards RPA, positive y-axis orthogonal to x-axis through Nasion,  z-axis orthogonal to xy-plane, pointing in superior direction.",
    "FiducialsCoordinates": {
        "AC": [
            -83.0768333333333,
            135.320333333333,
            140.606
        ],
        "PC": [
            -82.7568333333333,
            109.09,
            138.622666666667
        ],
        "infracollicular sulcus": [
            -81.7643666666667,
            98.677,
            128.862
        ],
        "PMJ": [
            -82.1109,
            112.579333333333,
            123.923333333333
        ],
        "superior interpeduncular fossa": [
            -82.5740666666667,
            119.467666666667,
            133.754666666667
        ],
        "R superior LMS": [
            -69.8009333333333,
            109.078,
            134.136
        ],
        "L superior LMS": [
            -94.9864333333333,
            106.805333333333,
            132.573333333333
        ],
        "R inferior LMS": [
            -71.3530666666667,
            105.460666666667,
            122.141333333333
        ],
        "L inferior LMS": [
            -91.8528333333333,
            104.597,
            121.245666666667
        ],
        "culmen": [
            -81.9494333333333,
            77.9763333333333,
            135.074666666667
        ],
        "intermammillary sulcus": [
            -82.6229333333333,
            125.205333333333,
            130.596333333333
        ],
        "R MB": [
            -80.0139,
            125.788666666667,
            131.768333333333
        ],
        "L MB": [
            -85.3771333333333,
            125.099,
            131.254666666667
        ],
        "pineal gland": [
            -82.9996,
            103.633333333333,
            140.549
        ],
        "R LV at AC": [
            -65.8599,
            132.948,
            175.327
        ],
        "L LV at AC": [
            -102.035333333333,
            132.378666666667,
            174.103333333333
        ],
        "R LV at PC": [
            -62.9413333333333,
            106.643,
            175.183666666667
        ],
        "L LV at PC": [
            -103.401333333333,
            106.083,
            173.614
        ],
        "genu of CC": [
            -83.7483666666667,
            162.559,
            152.720333333333
        ],
        "splenium": [
            -82.4728666666667,
            88.2041666666667,
            143.729666666667
        ],
        "R AL temporal horn": [
            -48.5045666666667,
            128.858333333333,
            121.638666666667
        ],
        "L AL temporal horn": [
            -113.487333333333,
            127.505666666667,
            118.939333333333
        ],
        "R superior AM temporal horn": [
            -62.4157,
            122.839333333333,
            130.446333333333
        ],
        "L superior AM temporal horn": [
            -101.902666666667,
            121.948333333333,
            126.722666666667
        ],
        "R inferior AM temporal horn": [
            -58.5296333333333,
            129.811666666667,
            119.820666666667
        ],
        "L inferior AM temporal horn": [
            -101.982333333333,
            130.15,
            117.265
        ],
        "R indusium griseum origin": [
            -73.6106333333333,
            92.1274333333333,
            141.337333333333
        ],
        "L indusium griseum origin": [
            -92.5936,
            86.9544333333333,
            140.306333333333
        ],
        "R ventral occipital horn": [
            -59.0026666666667,
            48.4009,
            137.297666666667
        ],
        "L ventral occipital horn": [
            -98.12175,
            49.47095,
            135.976
        ],
        "R olfactory sulcal fundus": [
            -70.2951666666667,
            152.292333333333,
            136.784666666667
        ],
        "L olfactory sulcal fundus": [
            -95.0017333333333,
            149.053333333333,
            134.774333333333
        ]
    }
}
