{
    "IntendedFor": "anat/*_space-T1w_desc-groundtruth_afids.fcsv",
    "FiducialsCoordinateSystem": "RAS",
    "FiducialsCoordinateUnits": "mm",
    "FiducialsCoordinateSystemDescription": "RAS orientation: Origin halfway between LPA and RPA, positive x-axis towards RPA, positive y-axis orthogonal to x-axis through Nasion,  z-axis orthogonal to xy-plane, pointing in superior direction.",
    "FiducialsCoordinates": {
        "AC": [
            -82.683,
            128.495666666667,
            138.560333333333
        ],
        "PC": [
            -82.6896666666667,
            103.024666666667,
            134.171
        ],
        "infracollicular sulcus": [
            -83.0366666666667,
            93.4743333333333,
            124.825666666667
        ],
        "PMJ": [
            -83.8433333333333,
            108.124666666667,
            119.741666666667
        ],
        "superior interpeduncular fossa": [
            -83.2243333333333,
            113.999,
            130.848333333333
        ],
        "R superior LMS": [
            -71.939,
            102.348,
            128.484333333333
        ],
        "L superior LMS": [
            -95.5253333333333,
            101.774333333333,
            129.230333333333
        ],
        "R inferior LMS": [
            -73.6043333333333,
            102.070666666667,
            116.749
        ],
        "L inferior LMS": [
            -95.1996666666667,
            101.950333333333,
            118.616666666667
        ],
        "culmen": [
            -82.96,
            75.948,
            132.095666666667
        ],
        "intermammillary sulcus": [
            -83.591,
            120.919666666667,
            128.729666666667
        ],
        "R MB": [
            -81.655,
            120.501,
            129.954
        ],
        "L MB": [
            -85.981,
            119.899333333333,
            129.62
        ],
        "pineal gland": [
            -82.4506666666667,
            97.7736666666667,
            135.410333333333
        ],
        "R LV at AC": [
            -64.1693333333333,
            124.576666666667,
            162.487666666667
        ],
        "L LV at AC": [
            -96.0013333333333,
            123.475333333333,
            165.991333333333
        ],
        "R LV at PC": [
            -60.1716666666667,
            99.4196666666667,
            156.338
        ],
        "L LV at PC": [
            -99.736,
            98.11,
            160.925666666667
        ],
        "genu of CC": [
            -82.076,
            156.080666666667,
            153.751333333333
        ],
        "splenium": [
            -81.3253333333333,
            93.6413333333333,
            139.209
        ],
        "R AL temporal horn": [
            -48.8253333333333,
            129.784,
            112.088333333333
        ],
        "L AL temporal horn": [
            -118.981333333333,
            123.271,
            120.539666666667
        ],
        "R superior AM temporal horn": [
            -65.705,
            121.653666666667,
            119.644333333333
        ],
        "L superior AM temporal horn": [
            -103.487333333333,
            117.570333333333,
            123.735333333333
        ],
        "R inferior AM temporal horn": [
            -64.482,
            128.084666666667,
            112.477666666667
        ],
        "L inferior AM temporal horn": [
            -103.530333333333,
            123.227,
            118.338666666667
        ],
        "R indusium griseum origin": [
            -66.1003333333333,
            90.2303333333333,
            135.38
        ],
        "L indusium griseum origin": [
            -98.1016666666667,
            86.4983333333333,
            135.353666666667
        ],
        "R ventral occipital horn": [
            -63.395,
            57.7636666666667,
            132.085333333333
        ],
        "L ventral occipital horn": [
            -103.540666666667,
            48.6093333333333,
            128.602666666667
        ],
        "R olfactory sulcal fundus": [
            -74.5116666666667,
            143.467333333333,
            135.948333333333
        ],
        "L olfactory sulcal fundus": [
            -95.1196666666667,
            140.781,
            135.862666666667
        ]
    }
}
