{
    "IntendedFor": "anat/*_space-T1w_desc-groundtruth_afids.fcsv",
    "FiducialsCoordinateSystem": "RAS",
    "FiducialsCoordinateUnits": "mm",
    "FiducialsCoordinateSystemDescription": "RAS orientation: Origin halfway between LPA and RPA, positive x-axis towards RPA, positive y-axis orthogonal to x-axis through Nasion,  z-axis orthogonal to xy-plane, pointing in superior direction.",
    "FiducialsCoordinates": {
        "AC": [
            -80.2774,
            131.272666666667,
            116.780666666667
        ],
        "PC": [
            -79.7371666666667,
            107.177,
            122.545
        ],
        "infracollicular sulcus": [
            -79.4589333333333,
            94.1303666666667,
            115.772
        ],
        "PMJ": [
            -79.0068666666667,
            107.054666666667,
            107.291333333333
        ],
        "superior interpeduncular fossa": [
            -79.2978333333333,
            116.155333333333,
            113.563333333333
        ],
        "R superior LMS": [
            -69.1085,
            104.250666666667,
            117.361
        ],
        "L superior LMS": [
            -89.2613333333333,
            103.977,
            116.501666666667
        ],
        "R inferior LMS": [
            -69.3307666666667,
            100.282,
            107.473666666667
        ],
        "L inferior LMS": [
            -87.4140333333333,
            101.093,
            107.512
        ],
        "culmen": [
            -78.7958666666667,
            79.7189333333333,
            128.445333333333
        ],
        "intermammillary sulcus": [
            -79.9171,
            121.078666666667,
            109.558666666667
        ],
        "R MB": [
            -77.5918333333333,
            121.217,
            110.444666666667
        ],
        "L MB": [
            -81.155,
            121.647,
            110.372333333333
        ],
        "pineal gland": [
            -79.7021333333333,
            103.422333333333,
            125.399
        ],
        "R LV at AC": [
            -69.2727333333333,
            137.332333333333,
            140.916333333333
        ],
        "L LV at AC": [
            -94.1303333333333,
            136.564,
            140.335666666667
        ],
        "R LV at PC": [
            -66.1386666666667,
            113.630333333333,
            147.782333333333
        ],
        "L LV at PC": [
            -94.8145333333333,
            113.014333333333,
            148.561333333333
        ],
        "genu of CC": [
            -79.8942333333333,
            158.235666666667,
            124.384333333333
        ],
        "splenium": [
            -79.8114,
            97.0182,
            132.134
        ],
        "R AL temporal horn": [
            -49.4980333333333,
            123.025,
            100.5018
        ],
        "L AL temporal horn": [
            -108.242333333333,
            120.245666666667,
            101.202
        ],
        "R superior AM temporal horn": [
            -66.0832333333333,
            118.916,
            107.522333333333
        ],
        "L superior AM temporal horn": [
            -92.6679,
            118.122333333333,
            106.932
        ],
        "R inferior AM temporal horn": [
            -60.0275333333333,
            122.318666666667,
            97.8367666666667
        ],
        "L inferior AM temporal horn": [
            -94.9869666666667,
            121.300333333333,
            96.3496666666667
        ],
        "R indusium griseum origin": [
            -67.3469333333333,
            92.7261333333333,
            131.496666666667
        ],
        "L indusium griseum origin": [
            -91.0069666666667,
            91.0713,
            131.069666666667
        ],
        "R ventral occipital horn": [
            -59.0582666666667,
            57.6044333333333,
            135.348333333333
        ],
        "L ventral occipital horn": [
            -91.2122666666667,
            46.8142666666667,
            130.956666666667
        ],
        "R olfactory sulcal fundus": [
            -71.155,
            143.258333333333,
            109.393333333333
        ],
        "L olfactory sulcal fundus": [
            -91.6905666666667,
            141.841,
            106.537333333333
        ]
    }
}
