{
    "IntendedFor": "anat/*_space-T1w_desc-groundtruth_afids.fcsv",
    "FiducialsCoordinateSystem": "RAS",
    "FiducialsCoordinateUnits": "mm",
    "FiducialsCoordinateSystemDescription": "RAS orientation: Origin halfway between LPA and RPA, positive x-axis towards RPA, positive y-axis orthogonal to x-axis through Nasion,  z-axis orthogonal to xy-plane, pointing in superior direction.",
    "FiducialsCoordinates": {
        "AC": [
            -81.7146,
            126.977666666667,
            136.686
        ],
        "PC": [
            -81.5562333333333,
            102.356666666667,
            133.532666666667
        ],
        "infracollicular sulcus": [
            -81.4906333333333,
            93.0473666666667,
            123.939333333333
        ],
        "PMJ": [
            -81.3098666666667,
            107.035666666667,
            119.315
        ],
        "superior interpeduncular fossa": [
            -81.3709666666667,
            112.449,
            129.618333333333
        ],
        "R superior LMS": [
            -70.2714666666667,
            102.681333333333,
            126.53
        ],
        "L superior LMS": [
            -93.3305,
            102.287333333333,
            128.24
        ],
        "R inferior LMS": [
            -72.8163666666667,
            99.9978666666667,
            116.825333333333
        ],
        "L inferior LMS": [
            -91.6744333333333,
            101.475,
            118.126666666667
        ],
        "culmen": [
            -81.8548666666667,
            77.8919333333333,
            130.781
        ],
        "intermammillary sulcus": [
            -81.9308,
            117.965666666667,
            126.939666666667
        ],
        "R MB": [
            -80.0463333333333,
            117.843666666667,
            128.098
        ],
        "L MB": [
            -84.2157666666667,
            117.853666666667,
            127.967
        ],
        "pineal gland": [
            -81.6894333333333,
            96.6372333333333,
            134.859333333333
        ],
        "R LV at AC": [
            -64.9303666666667,
            124.030333333333,
            160.457333333333
        ],
        "L LV at AC": [
            -94.9738333333333,
            123.990333333333,
            161.148
        ],
        "R LV at PC": [
            -59.4704,
            99.6245666666667,
            155.968
        ],
        "L LV at PC": [
            -100.313,
            98.9824333333333,
            158.588333333333
        ],
        "genu of CC": [
            -81.6509666666667,
            156.763,
            147.788333333333
        ],
        "splenium": [
            -81.1402,
            92.3699,
            138.811
        ],
        "R AL temporal horn": [
            -51.6822333333333,
            122.348333333333,
            115.481333333333
        ],
        "L AL temporal horn": [
            -114.064666666667,
            121.408,
            119.676666666667
        ],
        "R superior AM temporal horn": [
            -64.8606333333333,
            116.464666666667,
            123.461333333333
        ],
        "L superior AM temporal horn": [
            -98.8630333333333,
            117.138,
            123.024666666667
        ],
        "R inferior AM temporal horn": [
            -63.4388333333333,
            123.003,
            114.327
        ],
        "L inferior AM temporal horn": [
            -103.996666666667,
            123.046666666667,
            116.467666666667
        ],
        "R indusium griseum origin": [
            -69.4375666666667,
            90.8144333333333,
            135.302666666667
        ],
        "L indusium griseum origin": [
            -94.7330666666667,
            89.673,
            136.051666666667
        ],
        "R ventral occipital horn": [
            -60.9875333333333,
            53.6503666666667,
            127.867
        ],
        "L ventral occipital horn": [
            -97.8220333333333,
            53.6325333333333,
            130.099666666667
        ],
        "R olfactory sulcal fundus": [
            -71.4908333333333,
            141.427333333333,
            130.653666666667
        ],
        "L olfactory sulcal fundus": [
            -93.7260333333333,
            139.555333333333,
            130.894333333333
        ]
    }
}
