{
    "IntendedFor": "anat/*_space-T1w_desc-groundtruth_afids.fcsv",
    "FiducialsCoordinateSystem": "RAS",
    "FiducialsCoordinateUnits": "mm",
    "FiducialsCoordinateSystemDescription": "RAS orientation: Origin halfway between LPA and RPA, positive x-axis towards RPA, positive y-axis orthogonal to x-axis through Nasion,  z-axis orthogonal to xy-plane, pointing in superior direction.",
    "FiducialsCoordinates": {
        "AC": [
            -80.5677333333333,
            129.357,
            114.409
        ],
        "PC": [
            -80.5962333333333,
            103.971,
            107.069
        ],
        "infracollicular sulcus": [
            -80.0736333333333,
            96.5708666666667,
            96.6394666666667
        ],
        "PMJ": [
            -80.2675666666667,
            112.088666666667,
            94.8941
        ],
        "superior interpeduncular fossa": [
            -80.4714,
            117.100666666667,
            105.128666666667
        ],
        "R superior LMS": [
            -68.1003,
            105.302333333333,
            100.933666666667
        ],
        "L superior LMS": [
            -92.6414666666667,
            106.076,
            99.7781333333333
        ],
        "R inferior LMS": [
            -69.5221666666667,
            106.072333333333,
            93.1894666666667
        ],
        "L inferior LMS": [
            -90.9912,
            106.152,
            92.3439666666667
        ],
        "culmen": [
            -79.8354666666667,
            80.0092666666667,
            101.164666666667
        ],
        "intermammillary sulcus": [
            -80.2721333333333,
            121.751666666667,
            104.117333333333
        ],
        "R MB": [
            -78.0420666666667,
            121.410666666667,
            105.261333333333
        ],
        "L MB": [
            -82.7786,
            121.320666666667,
            105.084
        ],
        "pineal gland": [
            -80.5509333333333,
            97.127,
            107.412666666667
        ],
        "R LV at AC": [
            -69.0262333333333,
            123.396,
            134.975
        ],
        "L LV at AC": [
            -94.4354,
            123.345,
            135.240666666667
        ],
        "R LV at PC": [
            -62.9924666666667,
            97.7649666666667,
            128.447
        ],
        "L LV at PC": [
            -97.4056666666667,
            97.7629333333333,
            128.866
        ],
        "genu of CC": [
            -81.4629,
            155.162666666667,
            130.623333333333
        ],
        "splenium": [
            -80.1204666666667,
            90.7687333333333,
            109.794333333333
        ],
        "R AL temporal horn": [
            -45.8873333333333,
            130.152,
            94.461
        ],
        "L AL temporal horn": [
            -114.015333333333,
            126.894,
            96.7989
        ],
        "R superior AM temporal horn": [
            -63.4465,
            122.961,
            100.743666666667
        ],
        "L superior AM temporal horn": [
            -99.1457333333333,
            121.263,
            99.8973333333333
        ],
        "R inferior AM temporal horn": [
            -57.5386,
            131.253,
            93.2895333333333
        ],
        "L inferior AM temporal horn": [
            -103.179,
            131.774666666667,
            91.3450666666667
        ],
        "R indusium griseum origin": [
            -64.5349666666667,
            88.0545,
            106.68
        ],
        "L indusium griseum origin": [
            -95.9739666666667,
            86.4027,
            104.697
        ],
        "R ventral occipital horn": [
            -60.1238,
            51.1120666666667,
            93.7341666666667
        ],
        "L ventral occipital horn": [
            -97.3241,
            50.0216,
            93.3673333333333
        ],
        "R olfactory sulcal fundus": [
            -69.2441,
            145.362,
            113.772333333333
        ],
        "L olfactory sulcal fundus": [
            -92.2059666666667,
            143.948333333333,
            111.193
        ]
    }
}
