{
    "IntendedFor": "anat/*_space-T1w_desc-groundtruth_afids.fcsv",
    "FiducialsCoordinateSystem": "RAS",
    "FiducialsCoordinateUnits": "mm",
    "FiducialsCoordinateSystemDescription": "RAS orientation: Origin halfway between LPA and RPA, positive x-axis towards RPA, positive y-axis orthogonal to x-axis through Nasion,  z-axis orthogonal to xy-plane, pointing in superior direction.",
    "FiducialsCoordinates": {
        "AC": [
            -81.478,
            130.878666666667,
            122.477333333333
        ],
        "PC": [
            -80.2127,
            106.081666666667,
            125.415666666667
        ],
        "infracollicular sulcus": [
            -79.4586333333333,
            93.1322,
            119.518666666667
        ],
        "PMJ": [
            -79.7243333333333,
            106.325666666667,
            110.224
        ],
        "superior interpeduncular fossa": [
            -80.4668666666667,
            115.77,
            117.208
        ],
        "R superior LMS": [
            -69.5543666666667,
            104.555666666667,
            118.920333333333
        ],
        "L superior LMS": [
            -89.4339,
            103.349666666667,
            118.202333333333
        ],
        "R inferior LMS": [
            -70.5880333333333,
            100.987,
            110.97
        ],
        "L inferior LMS": [
            -88.4788666666667,
            100.963333333333,
            110.518333333333
        ],
        "culmen": [
            -77.7187333333333,
            78.3334333333333,
            129.583333333333
        ],
        "intermammillary sulcus": [
            -80.5362,
            121.244,
            113.756333333333
        ],
        "R MB": [
            -78.8318666666667,
            121.356666666667,
            114.565333333333
        ],
        "L MB": [
            -82.3445666666667,
            121.384666666667,
            114.905333333333
        ],
        "pineal gland": [
            -79.9124,
            101.916333333333,
            128.59
        ],
        "R LV at AC": [
            -69.4868333333333,
            134.291666666667,
            145.691333333333
        ],
        "L LV at AC": [
            -93.0153,
            133.189333333333,
            146.814
        ],
        "R LV at PC": [
            -64.8551666666667,
            109.841666666667,
            150.1
        ],
        "L LV at PC": [
            -93.0388666666667,
            108.676333333333,
            152.699666666667
        ],
        "genu of CC": [
            -82.1155666666667,
            157.392333333333,
            131.086666666667
        ],
        "splenium": [
            -79.4414666666667,
            95.2151,
            134.279
        ],
        "R AL temporal horn": [
            -51.9262,
            124.854333333333,
            102.668333333333
        ],
        "L AL temporal horn": [
            -109.667666666667,
            120.482,
            107.499666666667
        ],
        "R superior AM temporal horn": [
            -67.6205666666667,
            119.701666666667,
            109.863
        ],
        "L superior AM temporal horn": [
            -93.6257333333333,
            118.536,
            111.072333333333
        ],
        "R inferior AM temporal horn": [
            -62.3287333333333,
            124.485666666667,
            101.735333333333
        ],
        "L inferior AM temporal horn": [
            -98.1258,
            123.641333333333,
            101.358
        ],
        "R indusium griseum origin": [
            -67.8511333333333,
            90.8570666666667,
            133.831666666667
        ],
        "L indusium griseum origin": [
            -91.0836,
            89.1013333333333,
            132.937666666667
        ],
        "R ventral occipital horn": [
            -57.9693666666667,
            54.6512333333333,
            133.086666666667
        ],
        "L ventral occipital horn": [
            -89.7636666666667,
            44.9913333333333,
            129.845
        ],
        "R olfactory sulcal fundus": [
            -73.4853666666667,
            142.771333333333,
            115.79
        ],
        "L olfactory sulcal fundus": [
            -93.7037666666667,
            141.479333333333,
            114.27
        ]
    }
}
