{
    "IntendedFor": "anat/*_space-T1w_desc-groundtruth_afids.fcsv",
    "FiducialsCoordinateSystem": "RAS",
    "FiducialsCoordinateUnits": "mm",
    "FiducialsCoordinateSystemDescription": "RAS orientation: Origin halfway between LPA and RPA, positive x-axis towards RPA, positive y-axis orthogonal to x-axis through Nasion,  z-axis orthogonal to xy-plane, pointing in superior direction.",
    "FiducialsCoordinates": {
        "AC": [
            -82.9488333333333,
            120.968666666667,
            115.336
        ],
        "PC": [
            -83.8303,
            99.0274333333333,
            98.7845333333333
        ],
        "infracollicular sulcus": [
            -84.6755666666667,
            95.5733666666667,
            87.0032666666667
        ],
        "PMJ": [
            -84.4799,
            111.28,
            91.9909666666667
        ],
        "superior interpeduncular fossa": [
            -83.6789,
            110.477666666667,
            100.405433333333
        ],
        "R superior LMS": [
            -72.4597,
            102.888,
            93.5539
        ],
        "L superior LMS": [
            -95.9110333333333,
            102.794333333333,
            95.3098666666667
        ],
        "R inferior LMS": [
            -75.1551333333333,
            105.082333333333,
            87.8427
        ],
        "L inferior LMS": [
            -94.6393333333333,
            106.178333333333,
            88.7997666666667
        ],
        "culmen": [
            -85.9116333333333,
            82.8421333333333,
            85.2386333333333
        ],
        "intermammillary sulcus": [
            -84.0627666666667,
            116.183,
            104.354333333333
        ],
        "R MB": [
            -81.1200333333333,
            115.907,
            103.917333333333
        ],
        "L MB": [
            -86.6109666666667,
            115.312,
            105.081
        ],
        "pineal gland": [
            -83.8496666666667,
            92.2574,
            97.5279333333333
        ],
        "R LV at AC": [
            -64.2083333333333,
            103.845333333333,
            137.277333333333
        ],
        "L LV at AC": [
            -99.2757,
            103.693333333333,
            139.055333333333
        ],
        "R LV at PC": [
            -64.1602666666667,
            81.3326666666667,
            121.441333333333
        ],
        "L LV at PC": [
            -100.601666666667,
            81.1881666666667,
            123.241333333333
        ],
        "genu of CC": [
            -81.2437333333333,
            138.18,
            139.009
        ],
        "splenium": [
            -83.5283666666667,
            86.8182,
            96.0008666666667
        ],
        "R AL temporal horn": [
            -52.5510666666667,
            128.352,
            92.8674666666667
        ],
        "L AL temporal horn": [
            -114.578,
            126.275,
            98.3057333333333
        ],
        "R superior AM temporal horn": [
            -66.6456,
            118.898666666667,
            97.4704
        ],
        "L superior AM temporal horn": [
            -103.82,
            117.959,
            100.753666666667
        ],
        "R inferior AM temporal horn": [
            -66.3125,
            129.077333333333,
            94.1365
        ],
        "L inferior AM temporal horn": [
            -101.898,
            128.729666666667,
            97.3824333333333
        ],
        "R indusium griseum origin": [
            -70.3805666666667,
            86.1205666666667,
            89.5517666666667
        ],
        "L indusium griseum origin": [
            -100.375666666667,
            84.2806,
            89.2747333333333
        ],
        "R ventral occipital horn": [
            -66.0733,
            58.2069666666667,
            61.3034666666667
        ],
        "L ventral occipital horn": [
            -100.010866666667,
            58.9461333333333,
            56.2508333333333
        ],
        "R olfactory sulcal fundus": [
            -70.3566666666667,
            133.752,
            116.457666666667
        ],
        "L olfactory sulcal fundus": [
            -95.9785333333333,
            133.094666666667,
            117.343
        ]
    }
}
