{
    "IntendedFor": "anat/*_space-T1w_desc-groundtruth_afids.fcsv",
    "FiducialsCoordinateSystem": "RAS",
    "FiducialsCoordinateUnits": "mm",
    "FiducialsCoordinateSystemDescription": "RAS orientation: Origin halfway between LPA and RPA, positive x-axis towards RPA, positive y-axis orthogonal to x-axis through Nasion,  z-axis orthogonal to xy-plane, pointing in superior direction.",
    "FiducialsCoordinates": {
        "AC": [
            -79.5303333333333,
            131.835666666667,
            111.266
        ],
        "PC": [
            -81.1428333333333,
            105.398,
            106.087
        ],
        "infracollicular sulcus": [
            -82.2399333333333,
            96.5145333333333,
            96.9063333333333
        ],
        "PMJ": [
            -82.6442,
            112.061,
            90.7617666666667
        ],
        "superior interpeduncular fossa": [
            -81.2144,
            116.980666666667,
            100.944666666667
        ],
        "R superior LMS": [
            -70.8722333333333,
            106.814,
            98.6949
        ],
        "L superior LMS": [
            -94.0464,
            106.295,
            99.7893
        ],
        "R inferior LMS": [
            -72.8474666666667,
            106.908666666667,
            88.5004333333333
        ],
        "L inferior LMS": [
            -92.8549,
            106.014666666667,
            90.6485666666667
        ],
        "culmen": [
            -84.3752,
            84.1906666666667,
            105.316
        ],
        "intermammillary sulcus": [
            -80.6797333333333,
            123.729,
            98.4679
        ],
        "R MB": [
            -78.9901,
            124.162333333333,
            99.5488666666667
        ],
        "L MB": [
            -82.7026333333333,
            123.997,
            99.5273333333333
        ],
        "pineal gland": [
            -81.4821666666667,
            98.3882666666667,
            107.236
        ],
        "R LV at AC": [
            -62.9946666666667,
            126.855666666667,
            132.900666666667
        ],
        "L LV at AC": [
            -89.772,
            128.263,
            133.907333333333
        ],
        "R LV at PC": [
            -62.1639,
            100.338,
            126.336
        ],
        "L LV at PC": [
            -96.7958,
            101.813333333333,
            129.840333333333
        ],
        "genu of CC": [
            -77.1520333333333,
            153.729,
            125.084666666667
        ],
        "splenium": [
            -80.8842,
            95.8876,
            112.028666666667
        ],
        "R AL temporal horn": [
            -48.7987666666667,
            128.855333333333,
            91.2273666666667
        ],
        "L AL temporal horn": [
            -114.811333333333,
            127.481,
            95.4425
        ],
        "R superior AM temporal horn": [
            -64.1728666666667,
            123.119,
            96.6367333333333
        ],
        "L superior AM temporal horn": [
            -99.5183333333333,
            119.816,
            98.5868333333333
        ],
        "R inferior AM temporal horn": [
            -63.3772,
            130.334333333333,
            88.8165
        ],
        "L inferior AM temporal horn": [
            -103.554333333333,
            128.613333333333,
            90.3256333333333
        ],
        "R indusium griseum origin": [
            -68.6439,
            92.1943333333333,
            109.880666666667
        ],
        "L indusium griseum origin": [
            -98.2586666666667,
            90.4243333333333,
            109.048666666667
        ],
        "R ventral occipital horn": [
            -70.3810666666667,
            58.8234333333333,
            101.994
        ],
        "L ventral occipital horn": [
            -110.496333333333,
            59.1892333333333,
            104.290666666667
        ],
        "R olfactory sulcal fundus": [
            -67.1251333333333,
            147.06,
            107.876333333333
        ],
        "L olfactory sulcal fundus": [
            -91.2270333333333,
            147.001666666667,
            109.863666666667
        ]
    }
}
