{
    "IntendedFor": "anat/*_space-T1w_desc-groundtruth_afids.fcsv",
    "FiducialsCoordinateSystem": "RAS",
    "FiducialsCoordinateUnits": "mm",
    "FiducialsCoordinateSystemDescription": "RAS orientation: Origin halfway between LPA and RPA, positive x-axis towards RPA, positive y-axis orthogonal to x-axis through Nasion,  z-axis orthogonal to xy-plane, pointing in superior direction.",
    "FiducialsCoordinates": {
        "AC": [
            -79.3285666666667,
            132.051333333333,
            141.235666666667
        ],
        "PC": [
            -79.6426333333333,
            106.247333333333,
            144.085666666667
        ],
        "infracollicular sulcus": [
            -79.7675666666667,
            94.7629,
            137.552333333333
        ],
        "PMJ": [
            -79.3863333333333,
            107.522666666667,
            127.231333333333
        ],
        "superior interpeduncular fossa": [
            -79.4842666666667,
            117.067333333333,
            135.542333333333
        ],
        "R superior LMS": [
            -67.7977,
            105.302666666667,
            137.101333333333
        ],
        "L superior LMS": [
            -91.1031333333333,
            104.897,
            136.988
        ],
        "R inferior LMS": [
            -69.8094,
            102.682,
            128.537666666667
        ],
        "L inferior LMS": [
            -89.8619666666667,
            103.211,
            128.536
        ],
        "culmen": [
            -80.1862333333333,
            80.0754333333333,
            147.718666666667
        ],
        "intermammillary sulcus": [
            -79.3298666666667,
            121.719333333333,
            132.626666666667
        ],
        "R MB": [
            -77.4081333333333,
            121.995,
            133.563666666667
        ],
        "L MB": [
            -81.3917,
            121.955333333333,
            133.641333333333
        ],
        "pineal gland": [
            -79.6996333333333,
            101.486,
            146.110333333333
        ],
        "R LV at AC": [
            -67.2249333333333,
            134.660666666667,
            166.188
        ],
        "L LV at AC": [
            -90.6925,
            135.039333333333,
            167.059333333333
        ],
        "R LV at PC": [
            -63.2816,
            108.514333333333,
            166.429
        ],
        "L LV at PC": [
            -95.3588333333333,
            108.977333333333,
            167.108
        ],
        "genu of CC": [
            -78.6176,
            165.589333333333,
            145.886333333333
        ],
        "splenium": [
            -79.8436666666667,
            94.6736,
            149.47
        ],
        "R AL temporal horn": [
            -49.5353666666667,
            123.203666666667,
            124.460666666667
        ],
        "L AL temporal horn": [
            -110.46,
            123.267666666667,
            128.430333333333
        ],
        "R superior AM temporal horn": [
            -61.8202,
            119.002,
            130.834666666667
        ],
        "L superior AM temporal horn": [
            -95.4817666666667,
            119.791666666667,
            130.726666666667
        ],
        "R inferior AM temporal horn": [
            -59.7653666666667,
            122.540666666667,
            122.468333333333
        ],
        "L inferior AM temporal horn": [
            -98.3950666666667,
            123.288,
            123.553
        ],
        "R indusium griseum origin": [
            -66.6171666666667,
            90.5466,
            148.036333333333
        ],
        "L indusium griseum origin": [
            -96.3469333333333,
            89.3715333333333,
            147.890333333333
        ],
        "R ventral occipital horn": [
            -62.8121666666667,
            52.2995333333333,
            148.243666666667
        ],
        "L ventral occipital horn": [
            -101.491,
            54.8282333333333,
            148.504333333333
        ],
        "R olfactory sulcal fundus": [
            -68.7895666666667,
            146.551333333333,
            134.070666666667
        ],
        "L olfactory sulcal fundus": [
            -90.4455,
            143.428666666667,
            134.235333333333
        ]
    }
}
