{
    "IntendedFor": "anat/*_space-T1w_desc-groundtruth_afids.fcsv",
    "FiducialsCoordinateSystem": "RAS",
    "FiducialsCoordinateUnits": "mm",
    "FiducialsCoordinateSystemDescription": "RAS orientation: Origin halfway between LPA and RPA, positive x-axis towards RPA, positive y-axis orthogonal to x-axis through Nasion,  z-axis orthogonal to xy-plane, pointing in superior direction.",
    "FiducialsCoordinates": {
        "AC": [
            -78.2735666666667,
            133.835,
            129.155666666667
        ],
        "PC": [
            -77.4122,
            108.338666666667,
            121.707333333333
        ],
        "infracollicular sulcus": [
            -76.4130666666667,
            99.0346333333333,
            110.901666666667
        ],
        "PMJ": [
            -76.2652333333333,
            115.085,
            108.780333333333
        ],
        "superior interpeduncular fossa": [
            -77.2885333333333,
            119.697,
            119.399
        ],
        "R superior LMS": [
            -64.5585,
            108.507666666667,
            115.857
        ],
        "L superior LMS": [
            -88.4446666666667,
            107.962666666667,
            112.925333333333
        ],
        "R inferior LMS": [
            -64.5039666666667,
            108.796333333333,
            105.768333333333
        ],
        "L inferior LMS": [
            -86.2300666666667,
            109.17,
            104.192
        ],
        "culmen": [
            -76.6205,
            83.7567666666667,
            113.298
        ],
        "intermammillary sulcus": [
            -77.1619666666667,
            126.473,
            119.157
        ],
        "R MB": [
            -74.3096666666667,
            126.256666666667,
            120.611666666667
        ],
        "L MB": [
            -80.5685,
            126.297333333333,
            119.504
        ],
        "pineal gland": [
            -76.8604666666667,
            103.404333333333,
            122.256
        ],
        "R LV at AC": [
            -63.7786,
            125.934333333333,
            158.511666666667
        ],
        "L LV at AC": [
            -97.4118,
            125.935,
            154.744333333333
        ],
        "R LV at PC": [
            -60.6387333333333,
            99.3403666666667,
            155.296
        ],
        "L LV at PC": [
            -98.6448,
            99.0958666666667,
            151.534666666667
        ],
        "genu of CC": [
            -80.1963666666667,
            157.021666666667,
            144.626666666667
        ],
        "splenium": [
            -77.0791333333333,
            95.2948666666667,
            121.568333333333
        ],
        "R AL temporal horn": [
            -40.3798,
            136.828,
            112.216
        ],
        "L AL temporal horn": [
            -111.73,
            132.001333333333,
            105.981666666667
        ],
        "R superior AM temporal horn": [
            -57.8622333333333,
            127.619333333333,
            116.662333333333
        ],
        "L superior AM temporal horn": [
            -96.2507333333333,
            126.658666666667,
            112.253666666667
        ],
        "R inferior AM temporal horn": [
            -55.3619,
            138.469666666667,
            110.695333333333
        ],
        "L inferior AM temporal horn": [
            -98.2947333333333,
            136.998333333333,
            106.005333333333
        ],
        "R indusium griseum origin": [
            -61.6943666666667,
            90.7199,
            120.194
        ],
        "L indusium griseum origin": [
            -92.5652333333333,
            87.5941333333333,
            115.105666666667
        ],
        "R ventral occipital horn": [
            -61.1597666666667,
            47.4135333333333,
            100.483166666667
        ],
        "L ventral occipital horn": [
            -93.9424666666667,
            49.7272,
            98.4450666666667
        ],
        "R olfactory sulcal fundus": [
            -65.5325333333333,
            150.167666666667,
            129.368666666667
        ],
        "L olfactory sulcal fundus": [
            -92.8482,
            147.589333333333,
            126.12
        ]
    }
}
