{
    "IntendedFor": "anat/*_space-T1w_desc-groundtruth_afids.fcsv",
    "FiducialsCoordinateSystem": "RAS",
    "FiducialsCoordinateUnits": "mm",
    "FiducialsCoordinateSystemDescription": "RAS orientation: Origin halfway between LPA and RPA, positive x-axis towards RPA, positive y-axis orthogonal to x-axis through Nasion,  z-axis orthogonal to xy-plane, pointing in superior direction.",
    "FiducialsCoordinates": {
        "AC": [
            -81.7930333333333,
            124.953,
            119.824666666667
        ],
        "PC": [
            -81.5552333333333,
            101.741666666667,
            111.778333333333
        ],
        "infracollicular sulcus": [
            -81.8922333333333,
            94.9198,
            100.018666666667
        ],
        "PMJ": [
            -81.8720666666667,
            109.964333333333,
            98.0334666666667
        ],
        "superior interpeduncular fossa": [
            -81.5480333333333,
            113.718,
            109.327333333333
        ],
        "R superior LMS": [
            -70.6232,
            102.867,
            105.106666666667
        ],
        "L superior LMS": [
            -92.8272333333333,
            101.757333333333,
            105.314666666667
        ],
        "R inferior LMS": [
            -72.3344,
            103.562333333333,
            91.8607666666667
        ],
        "L inferior LMS": [
            -93.4624,
            103.161333333333,
            95.3751666666667
        ],
        "culmen": [
            -81.5170333333333,
            74.0339666666667,
            101.451
        ],
        "intermammillary sulcus": [
            -81.9256,
            119.180666666667,
            107.277333333333
        ],
        "R MB": [
            -79.7997333333333,
            119.108666666667,
            108.230333333333
        ],
        "L MB": [
            -84.2108666666667,
            119.048666666667,
            108.200333333333
        ],
        "pineal gland": [
            -81.4713666666667,
            96.3400333333333,
            112.724
        ],
        "R LV at AC": [
            -63.8372333333333,
            116.413333333333,
            144.895333333333
        ],
        "L LV at AC": [
            -96.3046,
            115.743333333333,
            145.606333333333
        ],
        "R LV at PC": [
            -60.9123,
            93.7558666666667,
            135.480333333333
        ],
        "L LV at PC": [
            -98.4788,
            93.1587666666667,
            136.092333333333
        ],
        "genu of CC": [
            -82.2504333333333,
            148.210333333333,
            138.265333333333
        ],
        "splenium": [
            -81.3889666666667,
            83.8761666666667,
            113.604333333333
        ],
        "R AL temporal horn": [
            -49.5798666666667,
            126.913666666667,
            100.815333333333
        ],
        "L AL temporal horn": [
            -116.679333333333,
            121.963666666667,
            103.597333333333
        ],
        "R superior AM temporal horn": [
            -65.9723,
            119.825,
            104.440666666667
        ],
        "L superior AM temporal horn": [
            -99.7679333333333,
            117.415,
            105.621333333333
        ],
        "R inferior AM temporal horn": [
            -60.3187666666667,
            128.526333333333,
            96.6166
        ],
        "L inferior AM temporal horn": [
            -106.802666666667,
            125.065666666667,
            99.2358
        ],
        "R indusium griseum origin": [
            -67.0502333333333,
            85.1517,
            110.509333333333
        ],
        "L indusium griseum origin": [
            -96.4755333333333,
            82.1465666666667,
            110.333333333333
        ],
        "R ventral occipital horn": [
            -60.6982,
            50.99215,
            95.29145
        ],
        "L ventral occipital horn": [
            -105.4415,
            51.6408,
            96.82915
        ],
        "R olfactory sulcal fundus": [
            -71.7473,
            140.611666666667,
            119.648666666667
        ],
        "L olfactory sulcal fundus": [
            -95.429,
            139.109,
            119.266666666667
        ]
    }
}
