{
    "IntendedFor": "anat/*_space-T1w_desc-groundtruth_afids.fcsv",
    "FiducialsCoordinateSystem": "RAS",
    "FiducialsCoordinateUnits": "mm",
    "FiducialsCoordinateSystemDescription": "RAS orientation: Origin halfway between LPA and RPA, positive x-axis towards RPA, positive y-axis orthogonal to x-axis through Nasion,  z-axis orthogonal to xy-plane, pointing in superior direction.",
    "FiducialsCoordinates": {
        "AC": [
            -81.8227333333333,
            122.866666666667,
            113.318
        ],
        "PC": [
            -82.2014333333333,
            97.2111,
            106.606333333333
        ],
        "infracollicular sulcus": [
            -82.1279666666667,
            86.7020333333333,
            94.2231
        ],
        "PMJ": [
            -82.0056,
            102.062333333333,
            89.9755666666667
        ],
        "superior interpeduncular fossa": [
            -81.9761666666667,
            109.525,
            102.438333333333
        ],
        "R superior LMS": [
            -70.8306333333333,
            97.7737,
            98.9386666666667
        ],
        "L superior LMS": [
            -93.4701,
            97.6539,
            99.3931666666667
        ],
        "R inferior LMS": [
            -73.3973,
            95.9924666666667,
            88.5756666666667
        ],
        "L inferior LMS": [
            -91.9232,
            95.6161,
            88.7505333333333
        ],
        "culmen": [
            -81.1254333333333,
            67.3968666666667,
            96.3622
        ],
        "intermammillary sulcus": [
            -81.9818333333333,
            115.433666666667,
            99.6134666666667
        ],
        "R MB": [
            -80.4851333333333,
            115.743666666667,
            100.544
        ],
        "L MB": [
            -83.7813333333333,
            115.233666666667,
            100.794
        ],
        "pineal gland": [
            -81.9484666666667,
            91.6295666666667,
            107.206333333333
        ],
        "R LV at AC": [
            -67.3313333333333,
            116.588,
            137.238
        ],
        "L LV at AC": [
            -94.7440666666667,
            116.512,
            137.180333333333
        ],
        "R LV at PC": [
            -62.5576333333333,
            91.5349,
            128.198666666667
        ],
        "L LV at PC": [
            -99.4002333333333,
            90.9211666666667,
            129.461333333333
        ],
        "genu of CC": [
            -81.8322333333333,
            146.805333333333,
            125.610666666667
        ],
        "splenium": [
            -81.5413333333333,
            87.6968,
            109.948333333333
        ],
        "R AL temporal horn": [
            -53.7239,
            125.705666666667,
            89.6009333333333
        ],
        "L AL temporal horn": [
            -113.093333333333,
            121.91,
            92.4641666666667
        ],
        "R superior AM temporal horn": [
            -66.1743333333333,
            114.188,
            98.7673666666667
        ],
        "L superior AM temporal horn": [
            -97.9107333333333,
            113.646666666667,
            99.2257333333333
        ],
        "R inferior AM temporal horn": [
            -63.0249333333333,
            126.280333333333,
            89.9740333333333
        ],
        "L inferior AM temporal horn": [
            -101.518333333333,
            123.784333333333,
            91.0083
        ],
        "R indusium griseum origin": [
            -62.8721333333333,
            82.0345333333333,
            106.174
        ],
        "L indusium griseum origin": [
            -99.7665666666667,
            79.3095333333333,
            108.125
        ],
        "R ventral occipital horn": [
            -61.3975,
            49.5516,
            93.8974
        ],
        "L ventral occipital horn": [
            -98.5554333333333,
            47.3357666666667,
            97.2607666666667
        ],
        "R olfactory sulcal fundus": [
            -71.2986333333333,
            137.675333333333,
            109.064
        ],
        "L olfactory sulcal fundus": [
            -94.1173,
            138.119666666667,
            109.855666666667
        ]
    }
}
