{
    "IntendedFor": "anat/*_space-T1w_desc-groundtruth_afids.fcsv",
    "FiducialsCoordinateSystem": "RAS",
    "FiducialsCoordinateUnits": "mm",
    "FiducialsCoordinateSystemDescription": "RAS orientation: Origin halfway between LPA and RPA, positive x-axis towards RPA, positive y-axis orthogonal to x-axis through Nasion,  z-axis orthogonal to xy-plane, pointing in superior direction.",
    "FiducialsCoordinates": {
        "AC": [
            -76.6992333333333,
            130.444666666667,
            147.667
        ],
        "PC": [
            -78.3958333333333,
            107.077333333333,
            147.489333333333
        ],
        "infracollicular sulcus": [
            -80.2106,
            96.9750666666667,
            138.72
        ],
        "PMJ": [
            -79.6728666666667,
            111.128,
            132.47
        ],
        "superior interpeduncular fossa": [
            -78.3769,
            116.609333333333,
            141.161333333333
        ],
        "R superior LMS": [
            -68.8899666666667,
            105.286666666667,
            140.275666666667
        ],
        "L superior LMS": [
            -89.9115,
            106.114,
            141.935333333333
        ],
        "R inferior LMS": [
            -70.403,
            103.824666666667,
            130.601666666667
        ],
        "L inferior LMS": [
            -90.6488,
            104.501333333333,
            131.880666666667
        ],
        "culmen": [
            -80.7022666666667,
            78.6662333333333,
            145.441
        ],
        "intermammillary sulcus": [
            -78.3354,
            120.792,
            137.411
        ],
        "R MB": [
            -76.4262666666667,
            121.237666666667,
            138.802333333333
        ],
        "L MB": [
            -79.7601333333333,
            121.556333333333,
            139.006
        ],
        "pineal gland": [
            -78.8560666666667,
            102.177333333333,
            149.846333333333
        ],
        "R LV at AC": [
            -62.8499333333333,
            129.253666666667,
            172.068333333333
        ],
        "L LV at AC": [
            -86.9278666666667,
            131.101666666667,
            172.940666666667
        ],
        "R LV at PC": [
            -61.6809666666667,
            105.739,
            172.833333333333
        ],
        "L LV at PC": [
            -91.3226666666667,
            107.829666666667,
            174.165333333333
        ],
        "genu of CC": [
            -73.8829333333333,
            156.175,
            154.125
        ],
        "splenium": [
            -78.6943,
            93.2437666666667,
            154.195666666667
        ],
        "R AL temporal horn": [
            -49.6958333333333,
            123.360333333333,
            132.908666666667
        ],
        "L AL temporal horn": [
            -109.293,
            124.831333333333,
            135.827666666667
        ],
        "R superior AM temporal horn": [
            -64.355,
            119.183333333333,
            136.424333333333
        ],
        "L superior AM temporal horn": [
            -94.5573,
            119.206,
            138.653666666667
        ],
        "R inferior AM temporal horn": [
            -62.0529666666667,
            124.413333333333,
            129.346333333333
        ],
        "L inferior AM temporal horn": [
            -98.7101333333333,
            123.894666666667,
            130.932666666667
        ],
        "R indusium griseum origin": [
            -68.7126666666667,
            89.6396333333333,
            151.048
        ],
        "L indusium griseum origin": [
            -91.0367333333333,
            92.6911,
            150.606
        ],
        "R ventral occipital horn": [
            -66.7505333333333,
            55.2523666666667,
            147.096666666667
        ],
        "L ventral occipital horn": [
            -100.213933333333,
            57.7660333333333,
            150.057666666667
        ],
        "R olfactory sulcal fundus": [
            -65.3199666666667,
            142.93,
            142.383666666667
        ],
        "L olfactory sulcal fundus": [
            -87.4093,
            143.011666666667,
            142.280666666667
        ]
    }
}
