{
    "IntendedFor": "tpl-OASIS30ANTs_res-01_T1w.nii.gz",
    "FiducialsCoordinateSystem": "RAS",
    "FiducialsCoordinateUnits": "mm",
    "FiducialsCoordinateSystemDescription": "RAS orientation: Origin halfway between LPA and RPA, positive x-axis towards RPA, positive y-axis orthogonal to x-axis through Nasion,  z-axis orthogonal to xy-plane, pointing in superior direction.",
    "FiducialsCoordinates": {
        "AC": [
            -109.9665,
            -134.07325,
            -129.8755
        ],
        "PC": [
            -110.03925,
            -160.93525,
            -129.458
        ],
        "infracollicular sulcus": [
            -109.9835,
            -172.01975000000002,
            -140.20274999999998
        ],
        "PMJ": [
            -110.0005,
            -158.62125,
            -146.06799999999998
        ],
        "superior interpeduncular fossa": [
            -110.00875,
            -149.2665,
            -136.6645
        ],
        "R superior LMS": [
            -98.47075,
            -161.65225,
            -136.55675
        ],
        "L superior LMS": [
            -121.717,
            -161.79000000000002,
            -136.67625
        ],
        "R inferior LMS": [
            -100.04125,
            -164.08325,
            -146.678
        ],
        "L inferior LMS": [
            -119.78,
            -164.05975,
            -146.71425
        ],
        "culmen": [
            -110.39375,
            -187.82275,
            -129.085
        ],
        "intermammillary sulcus": [
            -109.8095,
            -143.49375,
            -140.37925
        ],
        "R MB": [
            -107.64875,
            -143.5275,
            -139.6105
        ],
        "L MB": [
            -111.99875,
            -143.52799999999996,
            -139.65800000000002
        ],
        "pineal gland": [
            -110.194,
            -166.5135,
            -127.25
        ],
        "R LV at AC": [
            -95.383,
            -133.7965,
            -104.49575
        ],
        "L LV at AC": [
            -124.415,
            -133.75725,
            -104.6195
        ],
        "R LV at PC": [
            -92.27825,
            -160.54449999999997,
            -104.0115
        ],
        "L LV at PC": [
            -127.8655,
            -160.422,
            -104.1565
        ],
        "genu of CC": [
            -109.97075,
            -105.47575,
            -120.11575
        ],
        "splenium of CC": [
            -109.95825,
            -172.67475000000002,
            -123.883
        ],
        "R AL temporal horn": [
            -78.09025,
            -139.83325,
            -149.31799999999998
        ],
        "L AL temporal horn": [
            -141.27375,
            -140.64800000000002,
            -148.89875
        ],
        "R superior AM temporal horn": [
            -91.79325,
            -145.865,
            -141.126
        ],
        "L superior AM temporal horn": [
            -128.36450000000002,
            -146.24775,
            -141.16375
        ],
        "R inferior AM temporal horn": [
            -89.50150000000001,
            -138.7625,
            -150.98025
        ],
        "L inferior AM temporal horn": [
            -129.80775,
            -139.208,
            -151.2225
        ],
        "R indusium griseum origin": [
            -97.061,
            -176.29500000000002,
            -125.12225
        ],
        "L indusium griseum origin": [
            -124.50725,
            -177.8245,
            -126.1425
        ],
        "R ventral occipital horn": [
            -91.17325,
            -211.98725,
            -127.92825
        ],
        "L ventral occipital horn": [
            -128.1335,
            -214.29475,
            -128.61875
        ],
        "R olfactory sulcal fundus": [
            -98.2075,
            -118.4035,
            -135.2765
        ],
        "L olfactory sulcal fundus": [
            -121.639,
            -118.6785,
            -135.93175
        ]
    }
}
