{
    "IntendedFor": "PD25-T1MPRAGE-template.nii.gz",
    "FiducialsCoordinateSystem": "RAS",
    "FiducialsCoordinateUnits": "mm",
    "FiducialsCoordinateSystemDescription": "RAS orientation: Origin halfway between LPA and RPA, positive x-axis towards RPA, positive y-axis orthogonal to x-axis through Nasion,  z-axis orthogonal to xy-plane, pointing in superior direction.",
    "FiducialsCoordinates": {
        "AC": [
            -0.0759772,
            3.274982,
            -4.279742
        ],
        "PC": [
            -0.13710872,
            -25.3942,
            -0.8968918
        ],
        "infracollicular sulcus": [
            -0.10205992,
            -36.29418,
            -9.305202
        ],
        "PMJ": [
            -0.29372758,
            -23.04018,
            -19.6617
        ],
        "superior interpeduncular fossa": [
            -0.1039431,
            -14.65516,
            -9.424272
        ],
        "R superior LMS": [
            13.80924,
            -25.55956,
            -8.46811
        ],
        "L superior LMS": [
            -14.05462,
            -26.40322,
            -8.488996
        ],
        "R inferior LMS": [
            10.8063,
            -31.04412,
            -20.2718
        ],
        "L inferior LMS": [
            -11.14096,
            -31.34128,
            -20.23166
        ],
        "culmen": [
            -0.6118634,
            -52.39228,
            2.60733
        ],
        "intermammillary sulcus": [
            -0.1512988,
            -7.898032,
            -13.82014
        ],
        "R MB": [
            2.30729,
            -8.063744,
            -12.8919
        ],
        "L MB": [
            -2.869906,
            -8.0397,
            -12.81006
        ],
        "pineal gland": [
            -0.4630466,
            -31.52946,
            1.805334
        ],
        "R LV at AC": [
            16.36166,
            7.922118,
            24.80416
        ],
        "L LV at AC": [
            -16.56094,
            7.751936,
            24.89342
        ],
        "R LV at PC": [
            18.92216,
            -24.94622,
            29.25168
        ],
        "L LV at PC": [
            -18.75512,
            -25.25034,
            29.08892
        ],
        "genu of CC": [
            0.17806126,
            34.67422,
            1.4841188
        ],
        "splenium of CC": [
            -0.01499494,
            -36.83262,
            8.059288
        ],
        "R AL temporal horn": [
            34.69502,
            -4.861828,
            -26.5903
        ],
        "L AL temporal horn": [
            -35.72288,
            -7.397922,
            -24.79132
        ],
        "R superior AM temporal horn": [
            19.09628,
            -10.371734,
            -16.5694
        ],
        "L superior AM temporal horn": [
            -20.68006,
            -11.50124,
            -16.16954
        ],
        "R inferior AM temporal horn": [
            21.56302,
            -4.839708,
            -28.75368
        ],
        "L inferior AM temporal horn": [
            -23.2859,
            -5.734526,
            -28.4238
        ],
        "R indusium griseum origin": [
            14.90134,
            -41.06102,
            5.543778
        ],
        "L indusium griseum origin": [
            -15.42504,
            -42.9512,
            5.275932
        ],
        "R ventral occipital horn": [
            20.45684,
            -78.124,
            6.149032
        ],
        "L ventral occipital horn": [
            -19.64522,
            -80.74684,
            6.165876
        ],
        "R olfactory sulcal fundus": [
            11.98752,
            19.4486,
            -12.8264
        ],
        "L olfactory sulcal fundus": [
            -13.30496,
            17.9766,
            -13.40156
        ]
    }
}
