{
    "IntendedFor": "sub-MNI2009cAsym_T1w.nii.gz",
    "FiducialsCoordinateSystem": "RAS",
    "FiducialsCoordinateUnits": "mm",
    "FiducialsCoordinateSystemDescription": "RAS orientation: Origin halfway between LPA and RPA, positive x-axis towards RPA, positive y-axis orthogonal to x-axis through Nasion,  z-axis orthogonal to xy-plane, pointing in superior direction.",
    "FiducialsCoordinates": {
        "AC": [
            -0.204861407692308,
            2.72288076923077,
            -4.88105282051282
        ],
        "PC": [
            -0.0072602694871794,
            -25.0450538461538,
            -2.21068230769231
        ],
        "infracollicular sulcus": [
            0.025998141025641,
            -37.691917948718,
            -11.0111497435897
        ],
        "PMJ": [
            -0.0892198512820513,
            -23.1885743589744,
            -21.5288358974359
        ],
        "superior interpeduncular fossa": [
            -0.05649251,
            -13.7676564102564,
            -10.950028974359
        ],
        "R superior LMS": [
            13.3113025641026,
            -25.951058974359,
            -9.74885435897436
        ],
        "L superior LMS": [
            -13.607458974359,
            -26.4451,
            -9.7076082051282
        ],
        "R inferior LMS": [
            10.8321820512821,
            -30.8104076923077,
            -21.5949358974359
        ],
        "L inferior LMS": [
            -10.9824102564103,
            -30.8778025641026,
            -21.4372025641026
        ],
        "culmen": [
            0.0100564897435897,
            -52.5094615384615,
            2.14842435897436
        ],
        "intermammillary sulcus": [
            -0.0743417574102564,
            -8.36030051282051,
            -15.9354820512821
        ],
        "R MB": [
            2.02761256410256,
            -8.15453153846154,
            -15.0245538461538
        ],
        "L MB": [
            -2.19342487179487,
            -8.21593282051282,
            -15.0426743589744
        ],
        "pineal gland": [
            0.0094074442105263,
            -31.5985789473684,
            0.568596455263158
        ],
        "R LV at AC": [
            15.1850526315789,
            5.61940868421053,
            24.9488552631579
        ],
        "L LV at AC": [
            -15.7984342105263,
            5.47038342105263,
            25.0905473684211
        ],
        "R LV at PC": [
            18.7231289473684,
            -22.0626210526316,
            28.0333394736842
        ],
        "L LV at PC": [
            -18.4848157894737,
            -22.2426736842105,
            28.1745157894737
        ],
        "genu of CC": [
            -0.111086676315789,
            33.3615236842105,
            2.12355523157895
        ],
        "splenium of CC": [
            0.116840065,
            -37.6019447368421,
            6.49650894736842
        ],
        "R AL temporal horn": [
            34.0034921052632,
            -4.056905,
            -27.3505
        ],
        "L AL temporal horn": [
            -34.8327763157895,
            -6.646575,
            -25.3468578947368
        ],
        "R superior AM temporal horn": [
            17.4263131578947,
            -10.0524047368421,
            -18.2650921052632
        ],
        "L superior AM temporal horn": [
            -18.1468184210526,
            -10.9803721052632,
            -18.3750131578947
        ],
        "R inferior AM temporal horn": [
            20.4641447368421,
            -4.03479921052632,
            -28.0214973684211
        ],
        "L inferior AM temporal horn": [
            -21.3443842105263,
            -5.12460973684211,
            -27.9912052631579
        ],
        "R indusium griseum origin": [
            14.6365184210526,
            -40.7174131578947,
            4.71004973684211
        ],
        "L indusium griseum origin": [
            -14.8907842105263,
            -43.0901605263158,
            4.23491921052632
        ],
        "R ventral occipital horn": [
            20.8308868421053,
            -79.2528368421053,
            4.51120236842105
        ],
        "L ventral occipital horn": [
            -18.9085052631579,
            -82.82955,
            3.54751710526316
        ],
        "R olfactory sulcal fundus": [
            11.8931421052632,
            18.5102315789474,
            -12.3773210526316
        ],
        "L olfactory sulcal fundus": [
            -13.3650815789474,
            17.0294973684211,
            -13.0638105263158
        ]
    }
}
