{
    "IntendedFor": "anat/*_space-T1w_desc-groundtruth_afids.fcsv",
    "FiducialsCoordinateSystem": "RAS",
    "FiducialsCoordinateUnits": "mm",
    "FiducialsCoordinateSystemDescription": "RAS orientation: Origin halfway between LPA and RPA, positive x-axis towards RPA, positive y-axis orthogonal to x-axis through Nasion,  z-axis orthogonal to xy-plane, pointing in superior direction.",
    "FiducialsCoordinates": {
        "AC": [
            -3.9698736667633057,
            59.46284484863281,
            -0.4198436141014099
        ],
        "PC": [
            -7.368419647216797,
            32.226036071777344,
            -1.95825457572937
        ],
        "ICS": [
            -8.734596252441406,
            21.20541000366211,
            -11.08209228515625
        ],
        "PMJ": [
            -6.754734039306641,
            38.41351318359375,
            -15.715557098388672
        ],
        "SIPF": [
            -6.03569221496582,
            43.66587066650391,
            -7.167887210845947
        ],
        "RSLMS": [
            3.3199777603149414,
            29.280244827270508,
            -9.372843742370604
        ],
        "LSLMS": [
            -19.412620544433597,
            31.25821304321289,
            -9.698344230651855
        ],
        "RILMS": [
            2.4934918880462646,
            27.340660095214844,
            -20.68138694763184
        ],
        "LILMS": [
            -17.509876251220703,
            29.829442977905277,
            -20.787574768066406
        ],
        "CUL": [
            -11.240556716918944,
            4.738846302032471,
            -2.1776278018951416
        ],
        "IMS": [
            -5.146962642669678,
            48.79093170166016,
            -9.511837005615234
        ],
        "RMB": [
            -2.988402366638184,
            48.907020568847656,
            -9.17734432220459
        ],
        "LMB": [
            -7.497259616851807,
            49.0382194519043,
            -9.203951835632324
        ],
        "PG": [
            -8.415238380432129,
            24.29783058166504,
            -0.066937431693077
        ],
        "RLVAC": [
            11.040220260620115,
            55.87467956542969,
            26.627683639526367
        ],
        "LLVAC": [
            -18.37735366821289,
            59.01607131958008,
            25.798192977905277
        ],
        "RLVPC": [
            8.698921203613281,
            27.81046485900879,
            26.536941528320312
        ],
        "LLVPC": [
            -23.959794998168945,
            31.98739624023437,
            26.077863693237305
        ],
        "GENU": [
            -0.8964813351631165,
            85.18619537353516,
            10.975449562072754
        ],
        "SPLE": [
            -9.19542407989502,
            17.94788932800293,
            5.424752712249756
        ],
        "RALTH": [
            25.303279876708984,
            48.92773818969727,
            -22.25345230102539
        ],
        "LALTH": [
            -36.52299118041992,
            52.28813171386719,
            -21.755434036254883
        ],
        "RSAMTH": [
            15.67699146270752,
            43.72576522827149,
            -10.62165355682373
        ],
        "LSAMTH": [
            -26.272533416748047,
            47.77438735961914,
            -11.66770362854004
        ],
        "RIAMTH": [
            16.087244033813477,
            50.01393127441406,
            -23.2288818359375
        ],
        "LIAMTH": [
            -25.61565589904785,
            53.04474639892578,
            -23.525928497314453
        ],
        "RIGO": [
            3.0022666454315186,
            14.300025939941406,
            2.5886592864990234
        ],
        "LIGO": [
            -27.10602760314941,
            15.59616756439209,
            -0.4533615410327911
        ],
        "RVOH": [
            3.392107486724853,
            -15.94928741455078,
            -0.8674883842468262
        ],
        "LVOH": [
            -31.17587661743164,
            -14.59847640991211,
            -2.9313809871673584
        ],
        "ROSF": [
            8.124671936035156,
            73.01126861572266,
            -6.427926063537598
        ],
        "LOSF": [
            -15.701496124267578,
            74.95800018310547,
            -7.087708950042725
        ]
    }
}
