{
    "IntendedFor": "anat/*_space-T1w_desc-groundtruth_afids.fcsv",
    "FiducialsCoordinateSystem": "RAS",
    "FiducialsCoordinateUnits": "mm",
    "FiducialsCoordinateSystemDescription": "RAS orientation: Origin halfway between LPA and RPA, positive x-axis towards RPA, positive y-axis orthogonal to x-axis through Nasion,  z-axis orthogonal to xy-plane, pointing in superior direction.",
    "FiducialsCoordinates": {
        "AC": [
            2.3160440921783447,
            25.108325958251957,
            16.130359649658203
        ],
        "PC": [
            6.132656097412109,
            2.630452871322632,
            8.812591552734375
        ],
        "ICS": [
            7.737948417663574,
            -4.15606164932251,
            -0.1683461964130401
        ],
        "PMJ": [
            5.453937530517578,
            10.339886665344238,
            -4.060197830200195
        ],
        "SIPF": [
            4.380868911743164,
            13.142210006713867,
            6.31571626663208
        ],
        "RSLMS": [
            18.527963638305664,
            5.321551322937012,
            3.45173978805542
        ],
        "LSLMS": [
            -5.230764865875244,
            0.677509069442749,
            2.538609981536865
        ],
        "RILMS": [
            16.858867645263672,
            4.486937046051025,
            -6.560236930847168
        ],
        "LILMS": [
            -3.720525979995728,
            0.8900356292724609,
            -7.24806547164917
        ],
        "CUL": [
            9.662253379821776,
            -19.60944175720215,
            2.2297213077545166
        ],
        "IMS": [
            3.624544143676758,
            19.436429977416992,
            6.3166584968566895
        ],
        "RMB": [
            6.369546890258789,
            19.63332176208496,
            6.332472801208496
        ],
        "LMB": [
            0.8840174674987793,
            18.59096908569336,
            6.114434242248535
        ],
        "PG": [
            7.617363929748535,
            -3.9356513023376474,
            8.231971740722656
        ],
        "RLVAC": [
            20.25495338439941,
            20.846576690673828,
            41.05399703979492
        ],
        "LLVAC": [
            -15.064961433410645,
            14.75351333618164,
            39.98453521728516
        ],
        "RLVPC": [
            24.43330192565918,
            -2.407320737838745,
            32.8599739074707
        ],
        "LLVPC": [
            -11.860601425170898,
            -8.957541465759277,
            32.24418640136719
        ],
        "GENU": [
            -3.015059232711792,
            54.10749816894531,
            30.28929328918457
        ],
        "SPLE": [
            7.72960615158081,
            -7.16495418548584,
            11.727221488952637
        ],
        "RALTH": [
            39.02588272094727,
            30.596433639526367,
            -1.798225164413452
        ],
        "LALTH": [
            -30.408403396606445,
            18.313676834106445,
            -2.128356695175171
        ],
        "RSAMTH": [
            23.38701438903809,
            20.64640617370605,
            2.586791753768921
        ],
        "LSAMTH": [
            -15.807870864868164,
            13.527398109436035,
            2.3955037593841557
        ],
        "RIAMTH": [
            24.863807678222656,
            29.92940139770508,
            -2.499954462051392
        ],
        "LIAMTH": [
            -18.102558135986328,
            22.3239688873291,
            -3.3239574432373047
        ],
        "RIGO": [
            26.10841178894043,
            -11.276095390319824,
            7.650440216064453
        ],
        "LIGO": [
            -8.716231346130371,
            -18.30506134033203,
            5.657939910888672
        ],
        "RVOH": [
            30.286102294921875,
            -42.09347915649414,
            -4.378739356994629
        ],
        "LVOH": [
            -7.7355756759643555,
            -46.1209716796875,
            -5.073091983795166
        ],
        "ROSF": [
            13.201618194580078,
            44.82537078857422,
            15.334547996520996
        ],
        "LOSF": [
            -13.54655933380127,
            38.87212371826172,
            14.004218101501465
        ]
    }
}
