{
    "IntendedFor": "anat/*_space-T1w_desc-groundtruth_afids.fcsv",
    "FiducialsCoordinateSystem": "RAS",
    "FiducialsCoordinateUnits": "mm",
    "FiducialsCoordinateSystemDescription": "RAS orientation: Origin halfway between LPA and RPA, positive x-axis towards RPA, positive y-axis orthogonal to x-axis through Nasion,  z-axis orthogonal to xy-plane, pointing in superior direction.",
    "FiducialsCoordinates": {
        "AC": [
            -11.383359909057615,
            32.89418029785156,
            -23.914142608642575
        ],
        "PC": [
            -11.699480056762695,
            7.974022388458252,
            -29.00630760192871
        ],
        "ICS": [
            -11.870920181274414,
            0.2532983422279358,
            -37.70354461669922
        ],
        "PMJ": [
            -11.953729629516602,
            15.57924747467041,
            -41.53348922729492
        ],
        "SIPF": [
            -11.68842601776123,
            19.264129638671875,
            -33.80498504638672
        ],
        "RSLMS": [
            -0.0137970708310604,
            6.726020336151123,
            -36.196510314941406
        ],
        "LSLMS": [
            -23.815189361572266,
            7.384617328643799,
            -36.25148391723633
        ],
        "RILMS": [
            -1.5853221416473389,
            5.852913856506348,
            -45.28773880004883
        ],
        "LILMS": [
            -22.538867950439453,
            6.663985252380371,
            -44.93379211425781
        ],
        "CUL": [
            -12.38523292541504,
            -14.954814910888672,
            -34.09031677246094
        ],
        "IMS": [
            -11.619473457336426,
            25.2227840423584,
            -34.164764404296875
        ],
        "RMB": [
            -9.617694854736328,
            25.14907455444336,
            -34.16496658325195
        ],
        "LMB": [
            -13.256338119506836,
            25.13817977905273,
            -34.0994758605957
        ],
        "PG": [
            -11.48995876312256,
            2.098031997680664,
            -28.074853897094727
        ],
        "RLVAC": [
            3.610842227935791,
            30.29324531555176,
            -0.188945323228836
        ],
        "LLVAC": [
            -25.621753692626957,
            29.73745346069336,
            0.5328269600868225
        ],
        "RLVPC": [
            5.220576763153076,
            2.881624460220337,
            -6.217671871185303
        ],
        "LLVPC": [
            -28.407176971435547,
            3.1967227458953857,
            -5.680424690246582
        ],
        "GENU": [
            -10.262460708618164,
            61.18510437011719,
            -8.505965232849121
        ],
        "SPLE": [
            -11.783329010009766,
            -4.833658695220947,
            -27.03558921813965
        ],
        "RALTH": [
            20.162595748901367,
            33.81866455078125,
            -45.800907135009766
        ],
        "LALTH": [
            -42.05630111694336,
            32.91805648803711,
            -45.448341369628906
        ],
        "RSAMTH": [
            7.123063564300537,
            22.078516006469727,
            -37.22301864624024
        ],
        "LSAMTH": [
            -30.655597686767575,
            22.54342460632324,
            -37.17401885986328
        ],
        "RIAMTH": [
            11.134597778320312,
            32.916194915771484,
            -46.82282257080078
        ],
        "LIAMTH": [
            -33.642112731933594,
            33.139556884765625,
            -46.54586410522461
        ],
        "RIGO": [
            2.863369464874268,
            -7.32047700881958,
            -28.95443153381348
        ],
        "LIGO": [
            -27.806455612182617,
            -8.992053985595703,
            -30.326757431030277
        ],
        "RVOH": [
            4.487061977386475,
            -36.36774063110352,
            -39.52058792114258
        ],
        "LVOH": [
            -32.43790435791016,
            -39.15484619140625,
            -42.39008331298828
        ],
        "ROSF": [
            -0.5293594598770142,
            47.40808868408203,
            -23.76814079284668
        ],
        "LOSF": [
            -23.29475975036621,
            48.36661529541016,
            -25.468360900878903
        ]
    }
}
