{
    "IntendedFor": "anat/*_space-T1w_desc-groundtruth_afids.fcsv",
    "FiducialsCoordinateSystem": "RAS",
    "FiducialsCoordinateUnits": "mm",
    "FiducialsCoordinateSystemDescription": "RAS orientation: Origin halfway between LPA and RPA, positive x-axis towards RPA, positive y-axis orthogonal to x-axis through Nasion,  z-axis orthogonal to xy-plane, pointing in superior direction.",
    "FiducialsCoordinates": {
        "AC": [
            -8.890938758850098,
            63.949012756347656,
            5.006885528564453
        ],
        "PC": [
            -9.068154335021973,
            36.154388427734375,
            -0.939793348312378
        ],
        "ICS": [
            -9.243033409118652,
            28.17719078063965,
            -11.213248252868652
        ],
        "PMJ": [
            -9.177995681762695,
            45.767333984375,
            -13.416749954223633
        ],
        "SIPF": [
            -9.139931678771973,
            50.17435073852539,
            -4.678158760070801
        ],
        "RSLMS": [
            3.28395938873291,
            35.90396499633789,
            -8.504012107849121
        ],
        "LSLMS": [
            -21.05723571777344,
            36.55053329467773,
            -7.65138578414917
        ],
        "RILMS": [
            1.44098961353302,
            35.39957427978516,
            -18.8293571472168
        ],
        "LILMS": [
            -19.13583374023437,
            36.83679962158203,
            -18.780078887939453
        ],
        "CUL": [
            -9.879298210144045,
            7.858141422271728,
            -5.186968803405762
        ],
        "IMS": [
            -9.164843559265137,
            57.24702453613281,
            -6.890805244445801
        ],
        "RMB": [
            -6.868210792541504,
            57.16081619262695,
            -6.953349113464356
        ],
        "LMB": [
            -11.448320388793944,
            57.042423248291016,
            -6.8895673751831055
        ],
        "PG": [
            -9.278619766235352,
            28.61966323852539,
            0.4418937563896179
        ],
        "RLVAC": [
            5.547943592071533,
            59.49541473388672,
            29.881872177124023
        ],
        "LLVAC": [
            -23.477863311767575,
            59.30644607543945,
            31.936471939086918
        ],
        "RLVPC": [
            6.78367805480957,
            30.418893814086918,
            23.89969825744629
        ],
        "LLVPC": [
            -25.433706283569336,
            31.304468154907227,
            25.27325439453125
        ],
        "GENU": [
            -8.279964447021484,
            91.8890609741211,
            24.2474365234375
        ],
        "SPLE": [
            -9.29014492034912,
            20.209325790405277,
            2.8492772579193115
        ],
        "RALTH": [
            21.434341430664062,
            57.91818237304688,
            -18.33275413513184
        ],
        "LALTH": [
            -40.03870391845703,
            58.657203674316406,
            -15.744302749633787
        ],
        "RSAMTH": [
            8.516409873962402,
            53.92687225341797,
            -8.979146003723145
        ],
        "LSAMTH": [
            -26.715953826904297,
            54.3437728881836,
            -10.2998685836792
        ],
        "RIAMTH": [
            15.056118965148926,
            57.35027313232422,
            -18.91632843017578
        ],
        "LIAMTH": [
            -34.28342056274414,
            58.854736328125,
            -18.837202072143555
        ],
        "RIGO": [
            6.902490139007568,
            15.40407657623291,
            -2.617306709289551
        ],
        "LIGO": [
            -26.624311447143555,
            17.374975204467773,
            -0.94663006067276
        ],
        "RVOH": [
            8.516201972961426,
            -22.48904800415039,
            -17.13253402709961
        ],
        "LVOH": [
            -28.603599548339844,
            -19.061443328857425,
            -15.764263153076172
        ],
        "ROSF": [
            4.076901435852051,
            80.91410064697266,
            2.742487907409668
        ],
        "LOSF": [
            -22.635330200195312,
            82.0580062866211,
            2.317777633666992
        ]
    }
}
