{
    "IntendedFor": "anat/*_space-T1w_desc-groundtruth_afids.fcsv",
    "FiducialsCoordinateSystem": "RAS",
    "FiducialsCoordinateUnits": "mm",
    "FiducialsCoordinateSystemDescription": "RAS orientation: Origin halfway between LPA and RPA, positive x-axis towards RPA, positive y-axis orthogonal to x-axis through Nasion,  z-axis orthogonal to xy-plane, pointing in superior direction.",
    "FiducialsCoordinates": {
        "AC": [
            -4.042933940887451,
            41.86009216308594,
            -6.895591735839844
        ],
        "PC": [
            -1.191146969795227,
            14.425884246826172,
            -11.153197288513184
        ],
        "ICS": [
            0.6866979598999023,
            5.104479789733887,
            -19.946727752685547
        ],
        "PMJ": [
            -0.1877977550029754,
            23.10350799560547,
            -25.62279319763184
        ],
        "SIPF": [
            -1.633499264717102,
            27.46528625488281,
            -16.913978576660156
        ],
        "RSLMS": [
            11.952536582946776,
            14.641250610351562,
            -18.34122657775879
        ],
        "LSLMS": [
            -11.677194595336914,
            12.94320011138916,
            -20.688777923583984
        ],
        "RILMS": [
            11.238408088684082,
            13.483407020568848,
            -28.102418899536133
        ],
        "LILMS": [
            -9.280864715576172,
            12.097710609436035,
            -30.00724601745605
        ],
        "CUL": [
            0.7930201292037964,
            -8.076364517211914,
            -14.09230136871338
        ],
        "IMS": [
            -1.998210310935974,
            33.59317398071289,
            -18.16311264038086
        ],
        "RMB": [
            -0.0564155839383602,
            33.71181106567383,
            -18.01042366027832
        ],
        "LMB": [
            -3.735341787338257,
            32.98627471923828,
            -18.39176177978516
        ],
        "PG": [
            -0.7046620845794678,
            7.446459770202637,
            -9.97806167602539
        ],
        "RLVAC": [
            7.704736709594727,
            39.556182861328125,
            18.747955322265625
        ],
        "LLVAC": [
            -19.833009719848636,
            36.99626922607422,
            16.40642547607422
        ],
        "RLVPC": [
            14.320966720581056,
            11.527052879333496,
            14.6609525680542
        ],
        "LLVPC": [
            -21.574234008789062,
            8.059326171875,
            11.272469520568848
        ],
        "GENU": [
            -6.97774600982666,
            67.49773406982422,
            8.752305030822754
        ],
        "SPLE": [
            -0.512826144695282,
            2.721451759338379,
            -5.420445442199707
        ],
        "RALTH": [
            32.76835632324219,
            42.368106842041016,
            -25.521883010864254
        ],
        "LALTH": [
            -34.252140045166016,
            36.95957565307617,
            -31.206201553344727
        ],
        "RSAMTH": [
            18.18084144592285,
            33.784393310546875,
            -16.78894805908203
        ],
        "LSAMTH": [
            -21.507347106933597,
            31.56695938110352,
            -22.62224769592285
        ],
        "RIAMTH": [
            21.960901260375977,
            41.42708206176758,
            -27.248703002929688
        ],
        "LIAMTH": [
            -23.83433723449707,
            39.74968719482422,
            -31.71857261657715
        ],
        "RIGO": [
            16.408658981323242,
            0.3702426552772522,
            -8.265924453735352
        ],
        "LIGO": [
            -18.1645450592041,
            -4.275657653808594,
            -12.211838722229004
        ],
        "RVOH": [
            25.00905990600586,
            -27.734695434570312,
            -15.665239334106444
        ],
        "LVOH": [
            -13.266846656799316,
            -39.05473709106445,
            -20.85107421875
        ],
        "ROSF": [
            6.499398708343506,
            58.90639877319336,
            -7.992855548858643
        ],
        "LOSF": [
            -17.176618576049805,
            57.98719787597656,
            -10.063021659851074
        ]
    }
}
