{
    "IntendedFor": "anat/*_space-T1w_desc-groundtruth_afids.fcsv",
    "FiducialsCoordinateSystem": "RAS",
    "FiducialsCoordinateUnits": "mm",
    "FiducialsCoordinateSystemDescription": "RAS orientation: Origin halfway between LPA and RPA, positive x-axis towards RPA, positive y-axis orthogonal to x-axis through Nasion,  z-axis orthogonal to xy-plane, pointing in superior direction.",
    "FiducialsCoordinates": {
        "AC": [
            -3.81336522102356,
            40.41645050048828,
            18.594655990600582
        ],
        "PC": [
            -1.799088954925537,
            13.295615196228027,
            17.72195816040039
        ],
        "ICS": [
            -1.8172483444213867,
            2.2796790599823,
            10.559450149536133
        ],
        "PMJ": [
            -3.1931324005126958,
            18.481525421142575,
            4.362675666809082
        ],
        "SIPF": [
            -3.10133695602417,
            21.618392944335938,
            11.47973918914795
        ],
        "RSLMS": [
            9.983444213867188,
            11.396965026855469,
            8.867145538330078
        ],
        "LSLMS": [
            -14.290505409240724,
            10.459779739379885,
            10.771379470825195
        ],
        "RILMS": [
            8.358438491821289,
            9.642219543457031,
            1.804744362831116
        ],
        "LILMS": [
            -14.22139835357666,
            7.751523971557617,
            1.5379762649536133
        ],
        "CUL": [
            0.6203886866569519,
            -11.071603775024414,
            18.069021224975582
        ],
        "IMS": [
            -3.53773045539856,
            30.394758224487305,
            9.945873260498049
        ],
        "RMB": [
            -1.0077505111694336,
            30.73065948486328,
            9.917343139648438
        ],
        "LMB": [
            -5.975239276885986,
            30.064502716064453,
            10.37906265258789
        ],
        "PG": [
            -1.638298749923706,
            7.804090976715088,
            19.407384872436523
        ],
        "RLVAC": [
            14.417506217956545,
            42.950382232666016,
            43.7490234375
        ],
        "LLVAC": [
            -18.741378784179688,
            40.72081756591797,
            46.84611892700195
        ],
        "RLVPC": [
            20.06534767150879,
            13.134350776672363,
            43.185546875
        ],
        "LLVPC": [
            -18.014184951782227,
            11.208565711975098,
            46.68626022338867
        ],
        "GENU": [
            -5.456265449523926,
            72.89212799072266,
            27.795055389404297
        ],
        "SPLE": [
            -0.3005161881446838,
            1.8720407485961916,
            23.195720672607425
        ],
        "RALTH": [
            28.20867729187012,
            35.9076042175293,
            -6.793929100036621
        ],
        "LALTH": [
            -37.5760498046875,
            30.668272018432617,
            -0.1278654336929321
        ],
        "RSAMTH": [
            20.159896850585938,
            30.71895217895508,
            2.897282838821411
        ],
        "LSAMTH": [
            -28.178146362304688,
            27.762304306030277,
            7.189019680023193
        ],
        "RIAMTH": [
            17.92959976196289,
            36.29035186767578,
            -5.147773742675781
        ],
        "LIAMTH": [
            -25.714303970336918,
            32.58641052246094,
            0.4406353831291199
        ],
        "RIGO": [
            17.97974967956543,
            -1.676955223083496,
            18.414321899414062
        ],
        "LIGO": [
            -14.990592002868652,
            -4.319259166717529,
            20.031896591186523
        ],
        "RVOH": [
            25.43779182434082,
            -34.3137092590332,
            14.4821195602417
        ],
        "LVOH": [
            -15.24145221710205,
            -36.88475036621094,
            16.50777244567871
        ],
        "ROSF": [
            6.277689456939697,
            57.31295394897461,
            12.200958251953123
        ],
        "LOSF": [
            -18.889270782470703,
            54.87944412231445,
            13.16300106048584
        ]
    }
}
