{
    "IntendedFor": "anat/*_space-T1w_desc-groundtruth_afids.fcsv",
    "FiducialsCoordinateSystem": "RAS",
    "FiducialsCoordinateUnits": "mm",
    "FiducialsCoordinateSystemDescription": "RAS orientation: Origin halfway between LPA and RPA, positive x-axis towards RPA, positive y-axis orthogonal to x-axis through Nasion,  z-axis orthogonal to xy-plane, pointing in superior direction.",
    "FiducialsCoordinates": {
        "AC": [
            2.5263335704803467,
            29.321945190429688,
            12.707326889038086
        ],
        "PC": [
            2.4475574493408203,
            2.7660727500915527,
            12.629512786865234
        ],
        "ICS": [
            2.246638298034668,
            -7.042097568511963,
            6.928142547607422
        ],
        "PMJ": [
            2.1480166912078857,
            8.222509384155273,
            -2.23238468170166
        ],
        "SIPF": [
            2.3631246089935303,
            13.258787155151367,
            4.72888708114624
        ],
        "RSLMS": [
            13.051898002624512,
            0.2935436069965362,
            5.4394612312316895
        ],
        "LSLMS": [
            -8.606513023376465,
            0.1934738904237747,
            5.324034690856934
        ],
        "RILMS": [
            12.585213661193848,
            -1.1342025995254517,
            -3.8666141033172607
        ],
        "LILMS": [
            -8.13650894165039,
            -1.6308118104934692,
            -3.816662788391113
        ],
        "CUL": [
            2.101839303970337,
            -18.295913696289062,
            17.25238800048828
        ],
        "IMS": [
            2.255962610244751,
            19.70583915710449,
            3.3379952907562256
        ],
        "RMB": [
            3.8042731285095215,
            19.61989402770996,
            3.538714408874512
        ],
        "LMB": [
            0.4808939099311828,
            19.63442039489746,
            3.568326950073242
        ],
        "PG": [
            2.4334871768951416,
            -3.7033846378326416,
            15.459284782409668
        ],
        "RLVAC": [
            15.327367782592772,
            32.01031875610352,
            37.86676788330078
        ],
        "LLVAC": [
            -8.866806983947754,
            30.058460235595703,
            37.90375518798828
        ],
        "RLVPC": [
            19.995439529418945,
            3.2853446006774902,
            39.23065948486328
        ],
        "LLVPC": [
            -14.306052207946776,
            3.0478527545928955,
            39.06278991699219
        ],
        "GENU": [
            2.587149143218994,
            60.33566665649414,
            24.706026077270508
        ],
        "SPLE": [
            2.5271315574646,
            -3.808562278747559,
            21.36716079711914
        ],
        "RALTH": [
            32.755706787109375,
            25.772750854492188,
            -4.182588577270508
        ],
        "LALTH": [
            -27.77374839782715,
            25.792081832885746,
            -4.962493419647217
        ],
        "RSAMTH": [
            21.50140380859375,
            18.34000015258789,
            2.5135202407836914
        ],
        "LSAMTH": [
            -15.405075073242188,
            19.64731979370117,
            1.7214890718460083
        ],
        "RIAMTH": [
            23.38368034362793,
            26.22787094116211,
            -8.015336036682129
        ],
        "LIAMTH": [
            -20.85942840576172,
            25.86702919006348,
            -9.060439109802246
        ],
        "RIGO": [
            16.7211971282959,
            -9.751583099365234,
            18.3037223815918
        ],
        "LIGO": [
            -12.733806610107422,
            -11.52885913848877,
            18.476398468017575
        ],
        "RVOH": [
            19.042560577392575,
            -45.19495391845703,
            17.65917205810547
        ],
        "LVOH": [
            -16.276880264282227,
            -45.12313079833984,
            17.240751266479492
        ],
        "ROSF": [
            12.392552375793455,
            46.40457534790039,
            8.902867317199707
        ],
        "LOSF": [
            -9.329376220703123,
            45.18703842163086,
            8.446406364440918
        ]
    }
}
