{
    "IntendedFor": "anat/*_space-T1w_desc-groundtruth_afids.fcsv",
    "FiducialsCoordinateSystem": "RAS",
    "FiducialsCoordinateUnits": "mm",
    "FiducialsCoordinateSystemDescription": "RAS orientation: Origin halfway between LPA and RPA, positive x-axis towards RPA, positive y-axis orthogonal to x-axis through Nasion,  z-axis orthogonal to xy-plane, pointing in superior direction.",
    "FiducialsCoordinates": {
        "AC": [
            -7.976125717163086,
            77.88953399658203,
            -16.586416244506836
        ],
        "PC": [
            -13.33103370666504,
            52.9244499206543,
            -24.599390029907227
        ],
        "ICS": [
            -15.572014808654783,
            45.9309196472168,
            -33.06533432006836
        ],
        "PMJ": [
            -11.953011512756348,
            61.25921630859375,
            -34.58524703979492
        ],
        "SIPF": [
            -11.2039794921875,
            63.4381217956543,
            -26.89413070678711
        ],
        "RSLMS": [
            -2.5564124584198,
            50.78777313232422,
            -30.712018966674805
        ],
        "LSLMS": [
            -24.907285690307617,
            56.05944442749024,
            -29.90699958801269
        ],
        "RILMS": [
            -4.190850257873535,
            51.09718322753906,
            -39.58354949951172
        ],
        "LILMS": [
            -23.248497009277344,
            56.11182022094727,
            -38.72788238525391
        ],
        "CUL": [
            -19.506696701049805,
            26.097074508666992,
            -34.09893798828125
        ],
        "IMS": [
            -10.351572036743164,
            69.6308364868164,
            -25.10670280456543
        ],
        "RMB": [
            -8.057235717773438,
            68.72933959960938,
            -25.23919486999512
        ],
        "LMB": [
            -12.7152738571167,
            69.95917510986328,
            -24.98862648010254
        ],
        "PG": [
            -14.576663970947266,
            47.23136520385742,
            -24.608125686645508
        ],
        "RLVAC": [
            6.552396297454834,
            68.98947143554688,
            5.1299896240234375
        ],
        "LLVAC": [
            -21.720659255981445,
            76.05967712402344,
            7.24901819229126
        ],
        "RLVPC": [
            3.892434120178223,
            43.16899871826172,
            -4.956346035003662
        ],
        "LLVPC": [
            -29.217426300048828,
            49.67414474487305,
            -3.476882219314575
        ],
        "GENU": [
            -2.1744494438171387,
            100.3123016357422,
            -2.1320555210113525
        ],
        "SPLE": [
            -16.662437438964844,
            37.55859756469727,
            -26.849069595336918
        ],
        "RALTH": [
            21.50104522705078,
            66.7578125,
            -37.411399841308594
        ],
        "LALTH": [
            -43.14321517944336,
            78.6202621459961,
            -32.88800811767578
        ],
        "RSAMTH": [
            8.000213623046875,
            64.85154724121094,
            -30.972522735595703
        ],
        "LSAMTH": [
            -28.69576644897461,
            73.03202819824219,
            -29.710521697998047
        ],
        "RIAMTH": [
            12.794961929321287,
            69.21639251708984,
            -36.92853927612305
        ],
        "LIAMTH": [
            -34.416412353515625,
            78.69023132324219,
            -34.380123138427734
        ],
        "RIGO": [
            -2.772981882095337,
            34.574119567871094,
            -30.15823173522949
        ],
        "LIGO": [
            -30.912214279174805,
            40.20826721191406,
            -29.207874298095703
        ],
        "RVOH": [
            -1.802221655845642,
            3.5687003135681152,
            -41.01128768920898
        ],
        "LVOH": [
            -41.482666015625,
            12.554291725158691,
            -41.581661224365234
        ],
        "ROSF": [
            6.251716136932373,
            87.924072265625,
            -18.89303207397461
        ],
        "LOSF": [
            -18.36273765563965,
            94.17317199707033,
            -19.14284324645996
        ]
    }
}
