{
    "IntendedFor": "anat/*_space-T1w_desc-groundtruth_afids.fcsv",
    "FiducialsCoordinateSystem": "RAS",
    "FiducialsCoordinateUnits": "mm",
    "FiducialsCoordinateSystemDescription": "RAS orientation: Origin halfway between LPA and RPA, positive x-axis towards RPA, positive y-axis orthogonal to x-axis through Nasion,  z-axis orthogonal to xy-plane, pointing in superior direction.",
    "FiducialsCoordinates": {
        "AC": [
            1.310773253440857,
            25.56308364868164,
            19.1977653503418
        ],
        "PC": [
            -0.1861156672239303,
            1.4108233451843262,
            17.784997940063477
        ],
        "ICS": [
            0.407344102859497,
            -7.742266654968262,
            10.31192398071289
        ],
        "PMJ": [
            2.7044150829315186,
            8.403704643249512,
            4.8927202224731445
        ],
        "SIPF": [
            1.7312355041503906,
            11.510931968688965,
            11.036179542541504
        ],
        "RSLMS": [
            12.63093376159668,
            0.0568014606833457,
            12.699397087097168
        ],
        "LSLMS": [
            -9.270306587219238,
            2.169456243515014,
            8.36497974395752
        ],
        "RILMS": [
            12.74406623840332,
            -0.9953771233558656,
            2.9825592041015625
        ],
        "LILMS": [
            -6.898484706878662,
            0.0249370075762271,
            -0.5874980688095093
        ],
        "CUL": [
            -1.7709392309188845,
            -21.705039978027344,
            17.244340896606445
        ],
        "IMS": [
            2.36828088760376,
            17.84727668762207,
            10.237991333007812
        ],
        "RMB": [
            3.944486618041992,
            17.586872100830078,
            10.724830627441406
        ],
        "LMB": [
            0.6220064163208008,
            17.783897399902344,
            10.085372924804688
        ],
        "PG": [
            -0.9066904187202454,
            -4.374284744262695,
            19.34084701538086
        ],
        "RLVAC": [
            8.876922607421875,
            25.28899574279785,
            43.433353424072266
        ],
        "LLVAC": [
            -13.156447410583496,
            26.9425106048584,
            38.96393966674805
        ],
        "RLVPC": [
            12.604799270629885,
            -0.59133380651474,
            42.903263092041016
        ],
        "LLVPC": [
            -20.22174835205078,
            2.0305752754211426,
            36.6209602355957
        ],
        "GENU": [
            0.945760190486908,
            54.76783752441406,
            30.791278839111328
        ],
        "SPLE": [
            -1.5264923572540283,
            -4.57013463973999,
            22.671527862548828
        ],
        "RALTH": [
            35.88447570800781,
            20.830642700195312,
            7.717226982116699
        ],
        "LALTH": [
            -28.446367263793945,
            24.69675636291504,
            -3.9996140003204346
        ],
        "RSAMTH": [
            22.543933868408203,
            14.042381286621094,
            11.381258010864258
        ],
        "LSAMTH": [
            -18.54830551147461,
            17.44383430480957,
            5.08869743347168
        ],
        "RIAMTH": [
            24.190189361572266,
            22.04743003845215,
            3.860278367996216
        ],
        "LIAMTH": [
            -18.62867546081543,
            25.032915115356445,
            -3.6384940147399902
        ],
        "RIGO": [
            14.888545036315918,
            -14.083176612854004,
            23.06340789794922
        ],
        "LIGO": [
            -17.487201690673828,
            -11.256088256835938,
            16.87884521484375
        ],
        "RVOH": [
            16.192611694335938,
            -46.98147964477539,
            15.39587688446045
        ],
        "LVOH": [
            -21.899721145629883,
            -38.32938766479492,
            12.239574432373049
        ],
        "ROSF": [
            12.567240715026855,
            39.42656326293945,
            17.682249069213867
        ],
        "LOSF": [
            -8.734745979309082,
            41.046852111816406,
            12.848689079284668
        ]
    }
}
