{
    "IntendedFor": "anat/*_space-T1w_desc-groundtruth_afids.fcsv",
    "FiducialsCoordinateSystem": "RAS",
    "FiducialsCoordinateUnits": "mm",
    "FiducialsCoordinateSystemDescription": "RAS orientation: Origin halfway between LPA and RPA, positive x-axis towards RPA, positive y-axis orthogonal to x-axis through Nasion,  z-axis orthogonal to xy-plane, pointing in superior direction.",
    "FiducialsCoordinates": {
        "AC": [
            -1.651769995689392,
            31.54974937438965,
            -3.800009489059448
        ],
        "PC": [
            -1.4241749048233032,
            4.6660990715026855,
            -8.937089920043945
        ],
        "ICS": [
            -0.3087114095687866,
            -4.2953057289123535,
            -16.99315643310547
        ],
        "PMJ": [
            -0.2477588057518005,
            12.320317268371582,
            -19.893903732299805
        ],
        "SIPF": [
            -0.5215439796447754,
            15.00197982788086,
            -13.236968040466309
        ],
        "RSLMS": [
            11.857291221618652,
            4.528901100158691,
            -14.420150756835938
        ],
        "LSLMS": [
            -12.843430519104004,
            4.002406120300293,
            -16.817123413085938
        ],
        "RILMS": [
            11.126060485839844,
            2.586186647415161,
            -23.37710189819336
        ],
        "LILMS": [
            -10.014609336853027,
            3.072652101516724,
            -24.843175888061523
        ],
        "CUL": [
            -1.023106336593628,
            -20.307559967041016,
            -9.150350570678713
        ],
        "IMS": [
            -0.5303001999855042,
            23.274003982543945,
            -12.254765510559082
        ],
        "RMB": [
            2.246483325958252,
            23.542945861816406,
            -12.00005340576172
        ],
        "LMB": [
            -3.3184056282043457,
            22.92489624023437,
            -12.383797645568848
        ],
        "PG": [
            -1.4419538974761963,
            -2.36415696144104,
            -8.169089317321777
        ],
        "RLVAC": [
            12.742958068847656,
            28.322290420532227,
            24.03902244567871
        ],
        "LLVAC": [
            -21.45719146728516,
            28.389816284179688,
            20.440967559814453
        ],
        "RLVPC": [
            16.461759567260742,
            -0.9390172958374025,
            17.264774322509766
        ],
        "LLVPC": [
            -23.237762451171875,
            0.1130654513835907,
            13.34269905090332
        ],
        "GENU": [
            -2.633563995361328,
            59.50860595703125,
            6.570780754089356
        ],
        "SPLE": [
            -1.3713821172714231,
            -4.220117092132568,
            -3.821044445037842
        ],
        "RALTH": [
            34.42716217041016,
            27.38462448120117,
            -21.197376251220703
        ],
        "LALTH": [
            -33.76545715332031,
            24.318086624145508,
            -27.553241729736328
        ],
        "RSAMTH": [
            21.642749786376957,
            22.344141006469727,
            -14.687591552734377
        ],
        "LSAMTH": [
            -21.148792266845703,
            20.032855987548828,
            -19.81342124938965
        ],
        "RIAMTH": [
            21.85891532897949,
            27.81411361694336,
            -25.153520584106445
        ],
        "LIAMTH": [
            -21.41518783569336,
            27.86345863342285,
            -30.55744171142578
        ],
        "RIGO": [
            15.772725105285645,
            -7.592288970947266,
            -6.825549602508545
        ],
        "LIGO": [
            -18.885284423828125,
            -8.122776985168457,
            -12.153631210327148
        ],
        "RVOH": [
            18.788009643554688,
            -41.1743392944336,
            -12.2507905960083
        ],
        "LVOH": [
            -21.67099380493164,
            -43.10963821411133,
            -19.32205009460449
        ],
        "ROSF": [
            9.158769607543944,
            46.88166046142578,
            -5.982727527618408
        ],
        "LOSF": [
            -13.738723754882812,
            45.88422393798828,
            -10.19338321685791
        ]
    }
}
