{
    "IntendedFor": "anat/*_space-T1w_desc-groundtruth_afids.fcsv",
    "FiducialsCoordinateSystem": "RAS",
    "FiducialsCoordinateUnits": "mm",
    "FiducialsCoordinateSystemDescription": "RAS orientation: Origin halfway between LPA and RPA, positive x-axis towards RPA, positive y-axis orthogonal to x-axis through Nasion,  z-axis orthogonal to xy-plane, pointing in superior direction.",
    "FiducialsCoordinates": {
        "AC": [
            -3.081240177154541,
            48.59357070922852,
            10.272089004516602
        ],
        "PC": [
            -3.9206702709198,
            22.70331573486328,
            2.2531168460845947
        ],
        "ICS": [
            -4.159160137176514,
            14.972005844116213,
            -7.137821197509766
        ],
        "PMJ": [
            -3.6072072982788086,
            30.863603591918945,
            -10.41209602355957
        ],
        "SIPF": [
            -3.423919916152954,
            35.0950813293457,
            -1.5747520923614502
        ],
        "RSLMS": [
            7.154033184051514,
            23.07097625732422,
            -4.315150737762451
        ],
        "LSLMS": [
            -15.877663612365724,
            24.58359909057617,
            -5.218848705291748
        ],
        "RILMS": [
            6.551017284393311,
            22.85786247253418,
            -13.449980735778809
        ],
        "LILMS": [
            -14.345229148864746,
            23.39856338500977,
            -14.401655197143556
        ],
        "CUL": [
            -5.854763507843018,
            -3.0540130138397217,
            -0.5021418929100037
        ],
        "IMS": [
            -3.093756914138794,
            41.69456481933594,
            -1.7295502424240112
        ],
        "RMB": [
            -0.6081666946411133,
            41.78403472900391,
            -1.4852864742279053
        ],
        "LMB": [
            -5.381496906280518,
            41.73453521728516,
            -1.6751484870910645
        ],
        "PG": [
            -3.8878889083862314,
            16.452987670898438,
            2.499849796295166
        ],
        "RLVAC": [
            10.774107933044434,
            40.77510452270508,
            32.87529754638672
        ],
        "LLVAC": [
            -19.54185104370117,
            42.47406768798828,
            32.92942428588867
        ],
        "RLVPC": [
            13.285653114318848,
            16.3758602142334,
            29.211875915527344
        ],
        "LLVPC": [
            -24.619468688964844,
            18.635726928710938,
            26.033740997314453
        ],
        "GENU": [
            -2.217981338500977,
            76.3823013305664,
            25.670799255371094
        ],
        "SPLE": [
            -4.7530670166015625,
            12.91432285308838,
            6.013868808746338
        ],
        "RALTH": [
            27.29299545288086,
            45.36541748046875,
            -7.04849100112915
        ],
        "LALTH": [
            -31.590137481689453,
            49.3021125793457,
            -9.436786651611328
        ],
        "RSAMTH": [
            14.70996379852295,
            39.49551010131836,
            -3.306689739227295
        ],
        "LSAMTH": [
            -22.597551345825195,
            41.90174865722656,
            -3.171038150787353
        ],
        "RIAMTH": [
            16.914072036743164,
            48.41409683227539,
            -10.312423706054688
        ],
        "LIAMTH": [
            -24.658714294433597,
            50.45219802856445,
            -12.72083854675293
        ],
        "RIGO": [
            10.33193302154541,
            8.932863235473633,
            3.697052478790283
        ],
        "LIGO": [
            -18.12911605834961,
            11.318008422851562,
            1.8949518203735352
        ],
        "RVOH": [
            13.14784812927246,
            -22.62074089050293,
            -6.667165279388428
        ],
        "LVOH": [
            -24.293012619018555,
            -22.30935287475586,
            -3.783423185348511
        ],
        "ROSF": [
            9.591517448425291,
            63.42009353637695,
            9.471841812133787
        ],
        "LOSF": [
            -15.207332611083984,
            63.93534851074219,
            9.572566032409668
        ]
    }
}
