{
    "IntendedFor": "anat/*_space-T1w_desc-groundtruth_afids.fcsv",
    "FiducialsCoordinateSystem": "RAS",
    "FiducialsCoordinateUnits": "mm",
    "FiducialsCoordinateSystemDescription": "RAS orientation: Origin halfway between LPA and RPA, positive x-axis towards RPA, positive y-axis orthogonal to x-axis through Nasion,  z-axis orthogonal to xy-plane, pointing in superior direction.",
    "FiducialsCoordinates": {
        "AC": [
            1.382724404335022,
            32.7378044128418,
            5.600705623626709
        ],
        "PC": [
            1.0968880653381348,
            6.4753618240356445,
            1.013649582862854
        ],
        "ICS": [
            1.6532721519470217,
            -3.575315475463867,
            -9.055493354797363
        ],
        "PMJ": [
            2.528604745864868,
            13.165674209594728,
            -11.818408012390137
        ],
        "SIPF": [
            1.737309217453003,
            17.292177200317383,
            -4.3128581047058105
        ],
        "RSLMS": [
            12.823991775512695,
            5.727805137634277,
            -6.690411567687988
        ],
        "LSLMS": [
            -9.25178050994873,
            6.132190227508545,
            -9.26767921447754
        ],
        "RILMS": [
            13.327845573425291,
            4.131254196166992,
            -15.906627655029297
        ],
        "LILMS": [
            -7.879854679107666,
            4.127538681030273,
            -17.782896041870117
        ],
        "CUL": [
            0.5935989022254944,
            -20.67407989501953,
            -4.45448637008667
        ],
        "IMS": [
            2.1320910453796387,
            23.34817695617676,
            -4.759832382202148
        ],
        "RMB": [
            3.933470726013184,
            23.43019676208496,
            -4.731793880462647
        ],
        "LMB": [
            0.4329564869403839,
            23.66379165649414,
            -5.082396030426025
        ],
        "PG": [
            1.2386504411697388,
            -0.5425664186477661,
            1.274587631225586
        ],
        "RLVAC": [
            11.511259078979492,
            28.14450454711914,
            31.182552337646484
        ],
        "LLVAC": [
            -16.620275497436523,
            29.38079643249512,
            29.658525466918945
        ],
        "RLVPC": [
            16.149032592773438,
            0.1283317357301712,
            28.328218460083008
        ],
        "LLVPC": [
            -19.996713638305664,
            1.4595578908920288,
            25.3850154876709
        ],
        "GENU": [
            0.6612045764923096,
            58.370304107666016,
            19.62773323059082
        ],
        "SPLE": [
            0.3694421052932739,
            -6.5960307121276855,
            3.868054866790772
        ],
        "RALTH": [
            37.460147857666016,
            29.66096305847168,
            -11.698784828186035
        ],
        "LALTH": [
            -30.272247314453125,
            28.9189510345459,
            -18.812894821166992
        ],
        "RSAMTH": [
            20.87246322631836,
            22.545578002929688,
            -6.092525482177734
        ],
        "LSAMTH": [
            -18.86268615722656,
            24.380956649780277,
            -11.443002700805664
        ],
        "RIAMTH": [
            23.50404167175293,
            29.271196365356445,
            -13.902687072753906
        ],
        "LIAMTH": [
            -17.051000595092773,
            30.02142143249512,
            -18.56708526611328
        ],
        "RIGO": [
            14.944504737854004,
            -7.852869510650635,
            1.6341323852539062
        ],
        "LIGO": [
            -12.78664207458496,
            -8.444747924804688,
            -2.675342082977295
        ],
        "RVOH": [
            16.050992965698242,
            -43.28038787841797,
            -4.638477325439453
        ],
        "LVOH": [
            -18.78257179260254,
            -43.90502166748047,
            -9.736495971679688
        ],
        "ROSF": [
            12.898419380187988,
            48.09206771850586,
            1.9293729066848757
        ],
        "LOSF": [
            -10.358741760253906,
            48.72460174560547,
            -0.7748569846153259
        ]
    }
}
