{
    "IntendedFor": "anat/*_space-T1w_desc-groundtruth_afids.fcsv",
    "FiducialsCoordinateSystem": "RAS",
    "FiducialsCoordinateUnits": "mm",
    "FiducialsCoordinateSystemDescription": "RAS orientation: Origin halfway between LPA and RPA, positive x-axis towards RPA, positive y-axis orthogonal to x-axis through Nasion,  z-axis orthogonal to xy-plane, pointing in superior direction.",
    "FiducialsCoordinates": {
        "AC": [
            -2.910141944885254,
            46.50210571289063,
            11.47131061553955
        ],
        "PC": [
            -1.886520266532898,
            17.759456634521484,
            5.575685501098633
        ],
        "ICS": [
            -1.9308797121047971,
            9.246909141540527,
            -3.937266826629639
        ],
        "PMJ": [
            -1.7406312227249146,
            26.141252517700195,
            -6.457373142242432
        ],
        "SIPF": [
            -1.9093694686889648,
            28.954212188720703,
            3.095782518386841
        ],
        "RSLMS": [
            11.07427978515625,
            15.005187034606934,
            -0.8742077350616455
        ],
        "LSLMS": [
            -13.960197448730469,
            15.90359592437744,
            -0.566579282283783
        ],
        "RILMS": [
            10.845870971679688,
            15.617202758789062,
            -10.233786582946776
        ],
        "LILMS": [
            -11.738577842712402,
            15.668495178222656,
            -10.091455459594728
        ],
        "CUL": [
            -0.8505010604858398,
            -16.35723304748535,
            2.7529664039611816
        ],
        "IMS": [
            -2.993091344833374,
            36.626312255859375,
            2.6742360591888428
        ],
        "RMB": [
            -0.3906508386135101,
            36.02538299560547,
            2.921605348587036
        ],
        "LMB": [
            -5.593569755554199,
            36.56140899658203,
            2.852011203765869
        ],
        "PG": [
            -1.9170503616333008,
            9.64353847503662,
            6.935702800750732
        ],
        "RLVAC": [
            17.630233764648438,
            40.78588104248047,
            46.71860504150391
        ],
        "LLVAC": [
            -22.6461124420166,
            40.51015472412109,
            49.64109802246094
        ],
        "RLVPC": [
            19.016048431396484,
            6.715596675872803,
            43.85107803344727
        ],
        "LLVPC": [
            -22.523761749267575,
            8.102745056152344,
            44.46115493774414
        ],
        "GENU": [
            -2.178342819213867,
            74.96537017822266,
            30.167949676513672
        ],
        "SPLE": [
            -1.1342082023620603,
            -3.7987139225006095,
            8.87814712524414
        ],
        "RALTH": [
            31.30291175842285,
            37.58367156982422,
            -10.974014282226562
        ],
        "LALTH": [
            -36.04803085327149,
            36.74174499511719,
            -10.023265838623049
        ],
        "RSAMTH": [
            19.01314353942871,
            34.29587936401367,
            -1.4676951169967651
        ],
        "LSAMTH": [
            -27.66722869873047,
            33.2172966003418,
            -2.673830986022949
        ],
        "RIAMTH": [
            19.23882484436035,
            40.60045623779297,
            -11.173598289489746
        ],
        "LIAMTH": [
            -27.92235374450684,
            39.59822463989258,
            -11.68912124633789
        ],
        "RIGO": [
            18.3586540222168,
            -4.328773021697998,
            2.4304287433624268
        ],
        "LIGO": [
            -16.110586166381836,
            -2.96168851852417,
            2.5392212867736816
        ],
        "RVOH": [
            21.115114212036133,
            -43.65641021728516,
            -11.97819709777832
        ],
        "LVOH": [
            -16.462947845458984,
            -44.36513137817383,
            -15.734325408935549
        ],
        "ROSF": [
            11.057903289794922,
            61.51171112060547,
            8.247852325439453
        ],
        "LOSF": [
            -18.34250831604004,
            62.2498779296875,
            7.471603393554687
        ]
    }
}
