{
    "IntendedFor": "anat/*_space-T1w_desc-groundtruth_afids.fcsv",
    "FiducialsCoordinateSystem": "RAS",
    "FiducialsCoordinateUnits": "mm",
    "FiducialsCoordinateSystemDescription": "RAS orientation: Origin halfway between LPA and RPA, positive x-axis towards RPA, positive y-axis orthogonal to x-axis through Nasion,  z-axis orthogonal to xy-plane, pointing in superior direction.",
    "FiducialsCoordinates": {
        "AC": [
            -2.847693681716919,
            35.91497802734375,
            15.586196899414062
        ],
        "PC": [
            -3.328420877456665,
            8.861469268798828,
            8.825139045715332
        ],
        "ICS": [
            -4.576648235321045,
            0.6451749205589294,
            0.2982537746429443
        ],
        "PMJ": [
            -4.659060001373291,
            15.66059398651123,
            -4.022054195404053
        ],
        "SIPF": [
            -3.699643850326538,
            20.737573623657227,
            5.020744323730469
        ],
        "RSLMS": [
            7.735761165618896,
            9.143340110778809,
            0.5932773947715759
        ],
        "LSLMS": [
            -16.624963760375977,
            9.42896842956543,
            2.972313165664673
        ],
        "RILMS": [
            5.990442276000977,
            7.046186447143555,
            -8.291224479675293
        ],
        "LILMS": [
            -16.167917251586914,
            7.278963088989258,
            -6.433529853820801
        ],
        "CUL": [
            -3.669879674911499,
            -15.296664237976074,
            7.025146007537842
        ],
        "IMS": [
            -3.723875761032105,
            27.80858421325684,
            4.706846714019775
        ],
        "RMB": [
            -1.8100643157958984,
            27.601415634155277,
            4.708878040313721
        ],
        "LMB": [
            -5.918757915496826,
            27.712779998779297,
            5.338522434234619
        ],
        "PG": [
            -3.55615496635437,
            0.9743815660476683,
            10.458149909973145
        ],
        "RLVAC": [
            16.6391658782959,
            29.82150077819824,
            39.13433456420898
        ],
        "LLVAC": [
            -17.0891170501709,
            30.106786727905277,
            43.45294570922852
        ],
        "RLVPC": [
            18.249595642089844,
            2.2911598682403564,
            33.85231018066406
        ],
        "LLVPC": [
            -20.75294685363769,
            1.8045014142990112,
            37.880157470703125
        ],
        "GENU": [
            -1.1418969631195068,
            58.471710205078125,
            30.37488174438477
        ],
        "SPLE": [
            -2.871254205703736,
            -2.226193904876709,
            15.961504936218262
        ],
        "RALTH": [
            26.081398010253903,
            35.86906051635742,
            -10.628443717956545
        ],
        "LALTH": [
            -37.58809661865234,
            35.09056091308594,
            -2.567404270172119
        ],
        "RSAMTH": [
            12.997355461120604,
            28.148536682128903,
            -1.3310091495513916
        ],
        "LSAMTH": [
            -22.02660751342773,
            27.310667037963867,
            3.1618518829345703
        ],
        "RIAMTH": [
            19.64261054992676,
            34.879268646240234,
            -10.157047271728516
        ],
        "LIAMTH": [
            -29.735618591308597,
            33.841243743896484,
            -4.103546142578125
        ],
        "RIGO": [
            12.331634521484377,
            -4.728323936462402,
            11.478694915771484
        ],
        "LIGO": [
            -19.596590042114254,
            -6.6495208740234375,
            13.966156005859377
        ],
        "RVOH": [
            13.738737106323242,
            -42.40257263183594,
            -2.1114068031311035
        ],
        "LVOH": [
            -22.840181350708008,
            -41.52446365356445,
            3.5572962760925293
        ],
        "ROSF": [
            8.612595558166504,
            52.40492630004883,
            9.621658325195312
        ],
        "LOSF": [
            -16.694934844970703,
            51.38642883300781,
            12.949811935424805
        ]
    }
}
