{
    "IntendedFor": "anat/*_space-T1w_desc-groundtruth_afids.fcsv",
    "FiducialsCoordinateSystem": "RAS",
    "FiducialsCoordinateUnits": "mm",
    "FiducialsCoordinateSystemDescription": "RAS orientation: Origin halfway between LPA and RPA, positive x-axis towards RPA, positive y-axis orthogonal to x-axis through Nasion,  z-axis orthogonal to xy-plane, pointing in superior direction.",
    "FiducialsCoordinates": {
        "AC": [
            -4.1361188888549805,
            63.27180099487305,
            -0.957681119441986
        ],
        "PC": [
            -1.4874858856201172,
            35.47911071777344,
            -5.266599655151367
        ],
        "ICS": [
            -0.632844865322113,
            26.236766815185547,
            -13.445635795593262
        ],
        "PMJ": [
            -2.628562688827514,
            42.1026725769043,
            -18.40706443786621
        ],
        "SIPF": [
            -2.7140917778015137,
            46.48787307739258,
            -10.482466697692873
        ],
        "RSLMS": [
            8.668039321899414,
            34.60539245605469,
            -13.135279655456545
        ],
        "LSLMS": [
            -12.75609302520752,
            31.46318817138672,
            -12.483692169189451
        ],
        "RILMS": [
            7.669402599334717,
            32.3189811706543,
            -22.40906143188477
        ],
        "LILMS": [
            -11.9937162399292,
            31.087791442871094,
            -22.33718490600586
        ],
        "CUL": [
            0.921930193901062,
            9.89118194580078,
            -10.045019149780272
        ],
        "IMS": [
            -3.584397792816162,
            54.51140975952149,
            -11.719602584838867
        ],
        "RMB": [
            -1.825433611869812,
            55.26695251464844,
            -11.546771049499512
        ],
        "LMB": [
            -6.298646926879883,
            54.37212753295898,
            -11.587658882141112
        ],
        "PG": [
            -0.5738418102264404,
            28.416976928710938,
            -4.232874870300293
        ],
        "RLVAC": [
            14.185833930969238,
            62.216835021972656,
            26.06821632385254
        ],
        "LLVAC": [
            -21.302453994750977,
            59.29740905761719,
            24.50225257873535
        ],
        "RLVPC": [
            18.382469177246094,
            32.88665008544922,
            20.462099075317383
        ],
        "LLVPC": [
            -19.680316925048828,
            29.20323181152344,
            20.79365921020508
        ],
        "GENU": [
            -7.134124279022217,
            89.08490753173828,
            13.207767486572266
        ],
        "SPLE": [
            0.1221955195069313,
            22.663610458374023,
            0.727941632270813
        ],
        "RALTH": [
            26.46538734436035,
            63.481327056884766,
            -23.196325302124023
        ],
        "LALTH": [
            -34.62388610839844,
            53.22454452514648,
            -21.78858757019043
        ],
        "RSAMTH": [
            16.1175537109375,
            55.71634292602539,
            -14.601256370544434
        ],
        "LSAMTH": [
            -25.34195327758789,
            50.53896331787109,
            -16.168968200683594
        ],
        "RIAMTH": [
            17.036468505859375,
            62.69839477539063,
            -23.543886184692383
        ],
        "LIAMTH": [
            -28.60518264770508,
            55.19257354736328,
            -21.53173828125
        ],
        "RIGO": [
            14.796710968017578,
            22.287134170532227,
            -3.0637283325195312
        ],
        "LIGO": [
            -13.79394817352295,
            16.558807373046875,
            -5.641143798828125
        ],
        "RVOH": [
            25.71922874450684,
            -19.372764587402344,
            -14.084833145141602
        ],
        "LVOH": [
            -12.646034240722656,
            -27.61332893371582,
            -17.588882446289062
        ],
        "ROSF": [
            6.678608417510986,
            83.21296691894531,
            -3.712594509124756
        ],
        "LOSF": [
            -19.85778045654297,
            78.26107788085938,
            -4.144248962402344
        ]
    }
}
