{
    "IntendedFor": "anat/*_space-T1w_desc-groundtruth_afids.fcsv",
    "FiducialsCoordinateSystem": "RAS",
    "FiducialsCoordinateUnits": "mm",
    "FiducialsCoordinateSystemDescription": "RAS orientation: Origin halfway between LPA and RPA, positive x-axis towards RPA, positive y-axis orthogonal to x-axis through Nasion,  z-axis orthogonal to xy-plane, pointing in superior direction.",
    "FiducialsCoordinates": {
        "AC": [
            1.2731176614761353,
            37.01992034912109,
            25.98592185974121
        ],
        "PC": [
            -1.6759456396102903,
            9.934383392333984,
            21.64704704284668
        ],
        "ICS": [
            -2.0930867195129395,
            1.7494555711746216,
            13.127787590026855
        ],
        "PMJ": [
            -0.5805431008338928,
            17.887075424194336,
            8.423150062561035
        ],
        "SIPF": [
            -0.151771068572998,
            22.45181655883789,
            18.08354759216309
        ],
        "RSLMS": [
            10.561651229858398,
            8.899672508239746,
            15.563892364501951
        ],
        "LSLMS": [
            -14.39587688446045,
            11.287317276000977,
            15.54936695098877
        ],
        "RILMS": [
            9.904244422912598,
            8.313644409179688,
            6.474488258361816
        ],
        "LILMS": [
            -12.84776210784912,
            11.095244407653809,
            6.208962917327881
        ],
        "CUL": [
            -4.770355701446533,
            -14.77495288848877,
            21.56102180480957
        ],
        "IMS": [
            0.5790706872940063,
            28.14702415466309,
            16.590900421142578
        ],
        "RMB": [
            3.4235870838165283,
            28.018333435058597,
            16.583486557006836
        ],
        "LMB": [
            -1.925102710723877,
            28.37950134277344,
            16.572994232177734
        ],
        "PG": [
            -2.4043664932250977,
            3.549504041671753,
            22.879810333251957
        ],
        "RLVAC": [
            15.999735832214355,
            31.802322387695312,
            53.0416259765625
        ],
        "LLVAC": [
            -15.045753479003906,
            34.62168502807617,
            52.830039978027344
        ],
        "RLVPC": [
            17.196744918823242,
            4.897867202758789,
            48.115020751953125
        ],
        "LLVPC": [
            -22.22555351257324,
            8.2380952835083,
            47.54756164550781
        ],
        "GENU": [
            4.563544273376465,
            66.06503295898438,
            37.68928909301758
        ],
        "SPLE": [
            -3.1813805103302,
            -1.4476337432861328,
            25.827131271362305
        ],
        "RALTH": [
            33.954471588134766,
            33.559715270996094,
            5.141391754150391
        ],
        "LALTH": [
            -31.58241081237793,
            39.271278381347656,
            1.4673426151275637
        ],
        "RSAMTH": [
            18.60842704772949,
            26.312501907348636,
            11.969354629516602
        ],
        "LSAMTH": [
            -19.93339157104492,
            29.970922470092773,
            10.83933162689209
        ],
        "RIAMTH": [
            24.49637985229492,
            34.96546173095703,
            3.4622762203216557
        ],
        "LIAMTH": [
            -21.38194274902344,
            39.79584503173828,
            0.4013822972774505
        ],
        "RIGO": [
            14.61955451965332,
            -3.805293321609497,
            23.297006607055664
        ],
        "LIGO": [
            -21.004966735839844,
            -1.587275743484497,
            21.664180755615234
        ],
        "RVOH": [
            14.576334953308104,
            -37.6161994934082,
            12.092904090881348
        ],
        "LVOH": [
            -24.27664375305176,
            -41.5850944519043,
            11.884907722473145
        ],
        "ROSF": [
            15.28256130218506,
            52.81343460083008,
            22.246761322021484
        ],
        "LOSF": [
            -9.689599990844728,
            54.08737564086914,
            21.119802474975582
        ]
    }
}
