{
    "IntendedFor": "anat/*_space-T1w_desc-groundtruth_afids.fcsv",
    "FiducialsCoordinateSystem": "RAS",
    "FiducialsCoordinateUnits": "mm",
    "FiducialsCoordinateSystemDescription": "RAS orientation: Origin halfway between LPA and RPA, positive x-axis towards RPA, positive y-axis orthogonal to x-axis through Nasion,  z-axis orthogonal to xy-plane, pointing in superior direction.",
    "FiducialsCoordinates": {
        "AC": [
            -11.199658393859863,
            67.22868347167969,
            -10.35677719116211
        ],
        "PC": [
            -9.169157028198242,
            38.10917282104492,
            -20.51045227050781
        ],
        "ICS": [
            -8.277528762817383,
            29.669588088989254,
            -30.463716506958008
        ],
        "PMJ": [
            -9.227989196777344,
            49.08968353271485,
            -32.2446174621582
        ],
        "SIPF": [
            -9.93023681640625,
            52.97892761230469,
            -22.89521026611328
        ],
        "RSLMS": [
            2.811365842819214,
            39.922245025634766,
            -27.958654403686523
        ],
        "LSLMS": [
            -19.43564796447754,
            38.19528579711914,
            -29.028846740722656
        ],
        "RILMS": [
            2.5023961067199707,
            39.3275146484375,
            -37.1284408569336
        ],
        "LILMS": [
            -18.79789161682129,
            38.16975402832031,
            -39.04861068725586
        ],
        "CUL": [
            -6.556550979614258,
            9.897900581359863,
            -25.74149513244629
        ],
        "IMS": [
            -10.344215393066406,
            60.09255599975586,
            -23.83692169189453
        ],
        "RMB": [
            -7.920850276947021,
            60.01262664794922,
            -23.621978759765625
        ],
        "LMB": [
            -13.1453275680542,
            59.847293853759766,
            -23.786720275878903
        ],
        "PG": [
            -8.227849006652832,
            29.852014541625977,
            -20.64834976196289
        ],
        "RLVAC": [
            5.46915864944458,
            58.52132415771485,
            20.661291122436523
        ],
        "LLVAC": [
            -30.80471992492676,
            56.352684020996094,
            19.691057205200195
        ],
        "RLVPC": [
            10.03027057647705,
            28.47743225097656,
            12.347818374633787
        ],
        "LLVPC": [
            -30.572673797607425,
            25.74856948852539,
            8.795013427734375
        ],
        "GENU": [
            -13.733476638793944,
            89.60425567626953,
            6.873635768890381
        ],
        "SPLE": [
            -7.103353977203369,
            21.98386001586914,
            -15.821084022521973
        ],
        "RALTH": [
            22.099483489990234,
            69.07527923583984,
            -31.87970924377441
        ],
        "LALTH": [
            -43.21707534790039,
            64.0633316040039,
            -33.79541778564453
        ],
        "RSAMTH": [
            8.309531211853027,
            59.39549255371094,
            -26.0185661315918
        ],
        "LSAMTH": [
            -30.401901245117188,
            57.30177688598633,
            -26.843793869018555
        ],
        "RIAMTH": [
            15.620991706848145,
            67.7724838256836,
            -33.27440643310547
        ],
        "LIAMTH": [
            -35.007511138916016,
            66.75357818603516,
            -36.97272109985352
        ],
        "RIGO": [
            9.60451316833496,
            24.15750503540039,
            -20.168201446533203
        ],
        "LIGO": [
            -19.97587203979492,
            21.94220924377441,
            -21.780031204223636
        ],
        "RVOH": [
            19.257890701293945,
            -12.599935531616213,
            -32.79927062988281
        ],
        "LVOH": [
            -23.107498168945312,
            -16.324050903320312,
            -36.99374008178711
        ],
        "ROSF": [
            -1.2715661525726318,
            83.63951873779297,
            -12.18457317352295
        ],
        "LOSF": [
            -26.02834892272949,
            83.52590942382812,
            -13.69609260559082
        ]
    }
}
