{
    "IntendedFor": "anat/*_space-T1w_desc-groundtruth_afids.fcsv",
    "FiducialsCoordinateSystem": "RAS",
    "FiducialsCoordinateUnits": "mm",
    "FiducialsCoordinateSystemDescription": "RAS orientation: Origin halfway between LPA and RPA, positive x-axis towards RPA, positive y-axis orthogonal to x-axis through Nasion,  z-axis orthogonal to xy-plane, pointing in superior direction.",
    "FiducialsCoordinates": {
        "AC": [
            -3.5808284282684326,
            35.66350555419922,
            6.52852725982666
        ],
        "PC": [
            -2.557152271270752,
            8.31872844696045,
            5.84218168258667
        ],
        "ICS": [
            -2.2692806720733643,
            0.0019182979594916,
            -2.2598443031311035
        ],
        "PMJ": [
            -3.278503894805908,
            15.35512924194336,
            -7.781052112579346
        ],
        "SIPF": [
            -3.586543083190918,
            18.32123374938965,
            -1.4258509874343872
        ],
        "RSLMS": [
            7.921722888946533,
            7.946846961975098,
            -2.786907911300659
        ],
        "LSLMS": [
            -13.394579887390137,
            5.606975078582764,
            -2.60292387008667
        ],
        "RILMS": [
            7.117602348327637,
            5.824049949645996,
            -10.673659324645996
        ],
        "LILMS": [
            -13.176401138305664,
            3.8034472465515137,
            -10.86892032623291
        ],
        "CUL": [
            -2.064684629440308,
            -18.37346839904785,
            5.75431489944458
        ],
        "IMS": [
            -3.7372448444366455,
            25.47777366638184,
            -2.1363370418548584
        ],
        "RMB": [
            -1.9101134538650515,
            25.56559944152832,
            -1.802398920059204
        ],
        "LMB": [
            -5.635683536529541,
            25.23880958557129,
            -1.7557893991470337
        ],
        "PG": [
            -2.027677536010742,
            3.3463168144226074,
            7.699700355529785
        ],
        "RLVAC": [
            9.930813789367676,
            37.378211975097656,
            29.33670234680176
        ],
        "LLVAC": [
            -17.616443634033203,
            35.930904388427734,
            29.17766761779785
        ],
        "RLVPC": [
            15.090062141418455,
            7.060559272766113,
            29.111705780029297
        ],
        "LLVPC": [
            -19.878875732421875,
            6.451208114624023,
            29.484485626220703
        ],
        "GENU": [
            -4.842497825622559,
            61.92127990722656,
            15.7249755859375
        ],
        "SPLE": [
            -1.9525920152664185,
            -4.921640396118164,
            13.53970432281494
        ],
        "RALTH": [
            26.736297607421875,
            32.309715270996094,
            -12.213460922241213
        ],
        "LALTH": [
            -36.14540863037109,
            24.769046783447266,
            -9.018749237060549
        ],
        "RSAMTH": [
            20.801523208618164,
            18.0283203125,
            -2.214148998260498
        ],
        "LSAMTH": [
            -23.299413681030277,
            22.77397346496582,
            -3.713367223739624
        ],
        "RIAMTH": [
            15.621563911437988,
            31.54014015197754,
            -14.165716171264648
        ],
        "LIAMTH": [
            -27.895183563232425,
            27.89762687683105,
            -12.932344436645508
        ],
        "RIGO": [
            13.229490280151367,
            -5.101010799407959,
            10.326627731323242
        ],
        "LIGO": [
            -19.188270568847656,
            -10.389962196350098,
            8.149370193481445
        ],
        "RVOH": [
            20.29920959472656,
            -39.56793212890625,
            3.676463842391968
        ],
        "LVOH": [
            -18.17725944519043,
            -45.9006233215332,
            1.898418426513672
        ],
        "ROSF": [
            8.864269256591797,
            53.3020133972168,
            0.7734547853469849
        ],
        "LOSF": [
            -16.815757751464844,
            49.87692642211914,
            1.4097344875335691
        ]
    }
}
