{
    "IntendedFor": "anat/*_space-T1w_desc-groundtruth_afids.fcsv",
    "FiducialsCoordinateSystem": "RAS",
    "FiducialsCoordinateUnits": "mm",
    "FiducialsCoordinateSystemDescription": "RAS orientation: Origin halfway between LPA and RPA, positive x-axis towards RPA, positive y-axis orthogonal to x-axis through Nasion,  z-axis orthogonal to xy-plane, pointing in superior direction.",
    "FiducialsCoordinates": {
        "AC": [
            -8.3933687210083,
            102.86019134521484,
            16.63861846923828
        ],
        "PC": [
            -8.455737113952637,
            78.11190795898438,
            11.363385200500488
        ],
        "ICS": [
            -6.977874279022217,
            69.88214111328125,
            1.3655213117599487
        ],
        "PMJ": [
            -6.374668598175049,
            85.11221313476562,
            -4.184480667114258
        ],
        "SIPF": [
            -7.152108669281006,
            88.71955871582031,
            6.707223415374756
        ],
        "RSLMS": [
            6.147459030151367,
            77.18204498291016,
            5.998011112213135
        ],
        "LSLMS": [
            -21.38968276977539,
            77.78526306152344,
            2.6819334030151367
        ],
        "RILMS": [
            5.549758434295654,
            75.94639587402344,
            -5.6236186027526855
        ],
        "LILMS": [
            -17.274463653564453,
            76.52591705322266,
            -8.788066864013672
        ],
        "CUL": [
            -7.711338520050049,
            56.526649475097656,
            6.696834087371826
        ],
        "IMS": [
            -6.962622165679932,
            94.24039459228516,
            5.232377529144287
        ],
        "RMB": [
            -4.41750431060791,
            94.1216278076172,
            5.492844581604004
        ],
        "LMB": [
            -9.712729454040527,
            94.03726959228516,
            4.926183223724365
        ],
        "PG": [
            -8.160152435302734,
            71.5706787109375,
            11.002242088317873
        ],
        "RLVAC": [
            6.335975646972656,
            97.01808166503906,
            46.10548400878906
        ],
        "LLVAC": [
            -28.95980453491211,
            97.89247131347656,
            41.9162712097168
        ],
        "RLVPC": [
            8.401287078857422,
            72.19025421142578,
            41.2559814453125
        ],
        "LLVPC": [
            -31.727012634277344,
            73.22199249267578,
            35.798851013183594
        ],
        "GENU": [
            -9.718910217285156,
            129.7099609375,
            30.16702651977539
        ],
        "SPLE": [
            -8.774458885192871,
            68.47818756103516,
            15.046300888061523
        ],
        "RALTH": [
            34.6386604309082,
            102.05470275878906,
            0.2723934054374695
        ],
        "LALTH": [
            -46.33095169067383,
            105.53489685058594,
            -10.60916233062744
        ],
        "RSAMTH": [
            16.837556838989258,
            92.58077239990234,
            6.880447864532471
        ],
        "LSAMTH": [
            -29.969749450683597,
            94.47454071044922,
            0.5210294127464294
        ],
        "RIAMTH": [
            21.861387252807617,
            102.91242980957033,
            -3.947778224945069
        ],
        "LIAMTH": [
            -34.55031204223633,
            106.63053894042967,
            -10.720626831054688
        ],
        "RIGO": [
            10.04399299621582,
            63.58831405639648,
            14.253568649291992
        ],
        "LIGO": [
            -26.07006454467773,
            63.94135284423828,
            9.278382301330566
        ],
        "RVOH": [
            12.49651050567627,
            33.016883850097656,
            1.4499367475509644
        ],
        "LVOH": [
            -27.930482864379883,
            36.931396484375,
            -3.6855430603027344
        ],
        "ROSF": [
            4.666544437408447,
            117.20287322998048,
            13.856645584106444
        ],
        "LOSF": [
            -20.937175750732425,
            116.70066833496094,
            10.280973434448242
        ]
    }
}
