{
    "IntendedFor": "anat/*_space-T1w_desc-groundtruth_afids.fcsv",
    "FiducialsCoordinateSystem": "RAS",
    "FiducialsCoordinateUnits": "mm",
    "FiducialsCoordinateSystemDescription": "RAS orientation: Origin halfway between LPA and RPA, positive x-axis towards RPA, positive y-axis orthogonal to x-axis through Nasion,  z-axis orthogonal to xy-plane, pointing in superior direction.",
    "FiducialsCoordinates": {
        "AC": [
            -1.3224045038223269,
            33.2817268371582,
            39.08476257324219
        ],
        "PC": [
            -2.5528061389923096,
            7.625963687896728,
            36.12017822265625
        ],
        "ICS": [
            -3.0518622398376465,
            -0.5668314695358276,
            27.74295997619629
        ],
        "PMJ": [
            -2.238081932067871,
            14.46623992919922,
            21.271764755249023
        ],
        "SIPF": [
            -1.7883694171905518,
            18.130916595458984,
            30.65022087097168
        ],
        "RSLMS": [
            9.291380882263184,
            5.424483299255371,
            29.02824211120605
        ],
        "LSLMS": [
            -14.253280639648438,
            7.627758026123047,
            29.220760345458984
        ],
        "RILMS": [
            8.087124824523926,
            4.807244300842285,
            18.90558242797852
        ],
        "LILMS": [
            -13.12481689453125,
            5.847698211669922,
            18.345552444458008
        ],
        "CUL": [
            -3.928009271621704,
            -15.082763671875,
            31.371809005737305
        ],
        "IMS": [
            -1.805451512336731,
            24.32773971557617,
            28.713842391967773
        ],
        "RMB": [
            0.5590134859085083,
            24.48989486694336,
            28.978443145751957
        ],
        "LMB": [
            -4.017978668212891,
            24.555086135864254,
            28.79993438720703
        ],
        "PG": [
            -2.80900239944458,
            2.1648054122924805,
            35.81470489501953
        ],
        "RLVAC": [
            11.131026268005373,
            29.82052421569824,
            62.16556930541992
        ],
        "LLVAC": [
            -17.94585418701172,
            31.576904296875,
            65.19316101074219
        ],
        "RLVPC": [
            15.637012481689451,
            1.81366503238678,
            62.42081069946289
        ],
        "LLVPC": [
            -21.1353702545166,
            4.944489002227783,
            62.07335662841797
        ],
        "GENU": [
            0.4983046650886535,
            58.19036483764648,
            50.0984992980957
        ],
        "SPLE": [
            -3.172363758087158,
            -3.7547566890716553,
            37.78693771362305
        ],
        "RALTH": [
            32.31467819213867,
            24.96181869506836,
            21.897275924682617
        ],
        "LALTH": [
            -33.53433990478516,
            28.58421897888184,
            20.097829818725582
        ],
        "RSAMTH": [
            19.253149032592773,
            19.88836097717285,
            27.43259620666504
        ],
        "LSAMTH": [
            -22.6646785736084,
            23.45504379272461,
            26.97425079345703
        ],
        "RIAMTH": [
            22.491474151611328,
            26.690113067626957,
            17.073205947875977
        ],
        "LIAMTH": [
            -24.37053680419922,
            29.44703865051269,
            15.39910888671875
        ],
        "RIGO": [
            14.361053466796877,
            -9.89639949798584,
            35.46417999267578
        ],
        "LIGO": [
            -16.400314331054688,
            -6.732844829559326,
            33.77947998046875
        ],
        "RVOH": [
            16.219568252563477,
            -42.9703254699707,
            29.518123626708984
        ],
        "LVOH": [
            -22.6158390045166,
            -43.3729248046875,
            24.128952026367188
        ],
        "ROSF": [
            11.75937271118164,
            46.97922897338867,
            34.99148178100586
        ],
        "LOSF": [
            -13.516664505004885,
            49.01524353027344,
            33.184165954589844
        ]
    }
}
