{
    "IntendedFor": "anat/*_space-T1w_desc-groundtruth_afids.fcsv",
    "FiducialsCoordinateSystem": "RAS",
    "FiducialsCoordinateUnits": "mm",
    "FiducialsCoordinateSystemDescription": "RAS orientation: Origin halfway between LPA and RPA, positive x-axis towards RPA, positive y-axis orthogonal to x-axis through Nasion,  z-axis orthogonal to xy-plane, pointing in superior direction.",
    "FiducialsCoordinates": {
        "AC": [
            2.99939513206482,
            29.42694664001465,
            15.2094144821167
        ],
        "PC": [
            1.374989032745361,
            3.0151584148406982,
            9.03386116027832
        ],
        "ICS": [
            0.4330301284790039,
            -4.920656204223633,
            0.668876588344574
        ],
        "PMJ": [
            1.2720210552215576,
            11.25843620300293,
            -3.883689641952514
        ],
        "SIPF": [
            1.9689061641693115,
            14.35855197906494,
            4.055206298828125
        ],
        "RSLMS": [
            11.892267227172852,
            1.883787751197815,
            1.0577235221862793
        ],
        "LSLMS": [
            -10.273360252380373,
            3.85282301902771,
            2.4037532806396484
        ],
        "RILMS": [
            10.875033378601074,
            1.8700406551361084,
            -8.406045913696289
        ],
        "LILMS": [
            -9.411870002746582,
            2.3786497116088867,
            -7.505275249481201
        ],
        "CUL": [
            -0.162286102771759,
            -22.52667808532715,
            3.8636534214019775
        ],
        "IMS": [
            2.643963098526001,
            21.867372512817383,
            3.937466144561768
        ],
        "RMB": [
            5.011072158813477,
            21.939441680908203,
            3.74974536895752
        ],
        "LMB": [
            0.4437471330165863,
            22.099973678588867,
            4.17958402633667
        ],
        "PG": [
            0.9774513840675354,
            -3.6025619506835938,
            9.261120796203612
        ],
        "RLVAC": [
            18.667848587036133,
            25.205965042114254,
            40.544708251953125
        ],
        "LLVAC": [
            -11.389837265014648,
            27.18930435180664,
            42.76668930053711
        ],
        "RLVPC": [
            18.89582252502441,
            -1.738265872001648,
            36.62208938598633
        ],
        "LLVPC": [
            -15.171404838562012,
            -1.9365530014038088,
            38.63301467895508
        ],
        "GENU": [
            5.538028717041016,
            53.23443222045898,
            30.2840518951416
        ],
        "SPLE": [
            0.7017742991447449,
            -10.996270179748535,
            11.368724822998049
        ],
        "RALTH": [
            32.4563102722168,
            23.06281280517578,
            -3.8759162425994873
        ],
        "LALTH": [
            -27.510875701904297,
            26.407724380493164,
            -3.227278232574463
        ],
        "RSAMTH": [
            20.724985122680664,
            18.73700523376465,
            0.6987712979316711
        ],
        "LSAMTH": [
            -20.353857040405277,
            22.041187286376957,
            1.8443814516067505
        ],
        "RIAMTH": [
            25.79253578186035,
            26.107297897338867,
            -7.153652191162109
        ],
        "LIAMTH": [
            -21.711782455444336,
            27.12770271301269,
            -5.725709915161133
        ],
        "RIGO": [
            15.180546760559082,
            -12.304472923278809,
            8.15601634979248
        ],
        "LIGO": [
            -12.405511856079102,
            -11.193659782409668,
            8.644523620605469
        ],
        "RVOH": [
            21.134017944335938,
            -42.17495727539063,
            -5.337803840637207
        ],
        "LVOH": [
            -20.674409866333008,
            -43.21131896972656,
            -10.746124267578123
        ],
        "ROSF": [
            15.64772891998291,
            44.00929641723633,
            12.974358558654783
        ],
        "LOSF": [
            -9.78888988494873,
            45.1626205444336,
            12.238754272460938
        ]
    }
}
