{
    "IntendedFor": "anat/*_space-T1w_desc-groundtruth_afids.fcsv",
    "FiducialsCoordinateSystem": "RAS",
    "FiducialsCoordinateUnits": "mm",
    "FiducialsCoordinateSystemDescription": "RAS orientation: Origin halfway between LPA and RPA, positive x-axis towards RPA, positive y-axis orthogonal to x-axis through Nasion,  z-axis orthogonal to xy-plane, pointing in superior direction.",
    "FiducialsCoordinates": {
        "AC": [
            -1.3834155797958374,
            30.316524505615234,
            -20.983367919921875
        ],
        "PC": [
            -2.196662187576294,
            4.074792861938477,
            -20.11142349243164
        ],
        "ICS": [
            -3.607377529144287,
            -7.743941307067871,
            -27.90713119506836
        ],
        "PMJ": [
            -4.168365478515625,
            11.1779203414917,
            -34.4736328125
        ],
        "SIPF": [
            -2.7849576473236084,
            14.841201782226562,
            -28.016380310058597
        ],
        "RSLMS": [
            7.914505481719971,
            0.2484860122203827,
            -28.68851852416992
        ],
        "LSLMS": [
            -13.896937370300291,
            1.1541844606399536,
            -25.78885841369629
        ],
        "RILMS": [
            6.225461006164551,
            -2.144494771957397,
            -37.901702880859375
        ],
        "LILMS": [
            -14.607418060302734,
            -0.145584225654602,
            -34.7957649230957
        ],
        "CUL": [
            -3.2602267265319824,
            -22.236194610595703,
            -19.78962516784668
        ],
        "IMS": [
            -2.589316129684448,
            20.853744506835938,
            -29.72540855407715
        ],
        "RMB": [
            -0.1301794052124023,
            20.85845947265625,
            -30.060283660888672
        ],
        "LMB": [
            -4.558935165405273,
            20.948074340820312,
            -29.34696578979492
        ],
        "PG": [
            -1.9600298404693604,
            -2.010523796081543,
            -17.793941497802734
        ],
        "RLVAC": [
            13.577792167663574,
            31.315414428710938,
            1.6320098638534546
        ],
        "LLVAC": [
            -10.40231990814209,
            31.7586727142334,
            4.613059043884277
        ],
        "RLVPC": [
            16.375686645507812,
            4.73886775970459,
            2.4874088764190674
        ],
        "LLVPC": [
            -14.034012794494627,
            5.249696731567383,
            5.967831134796143
        ],
        "GENU": [
            0.6765108108520508,
            59.80387115478516,
            -13.296628952026367
        ],
        "SPLE": [
            -1.8857359886169436,
            -6.902803421020508,
            -16.190759658813477
        ],
        "RALTH": [
            31.58594512939453,
            22.790298461914062,
            -40.53886032104492
        ],
        "LALTH": [
            -36.89296722412109,
            23.507953643798828,
            -33.656192779541016
        ],
        "RSAMTH": [
            16.847976684570312,
            17.422855377197266,
            -32.22953796386719
        ],
        "LSAMTH": [
            -22.232078552246094,
            20.08945655822754,
            -29.979461669921875
        ],
        "RIAMTH": [
            23.80058479309082,
            22.68126678466797,
            -43.42220687866211
        ],
        "LIAMTH": [
            -24.442821502685547,
            23.472332000732425,
            -38.83393478393555
        ],
        "RIGO": [
            12.909802436828612,
            -10.383346557617188,
            -19.398256301879883
        ],
        "LIGO": [
            -18.16849708557129,
            -10.626173973083496,
            -16.062164306640625
        ],
        "RVOH": [
            14.699352264404297,
            -43.87505340576172,
            -18.843017578125
        ],
        "LVOH": [
            -22.481470108032227,
            -46.32248306274414,
            -15.161181449890137
        ],
        "ROSF": [
            9.191986083984377,
            45.21712875366211,
            -27.596736907958984
        ],
        "LOSF": [
            -13.84828758239746,
            45.98235321044922,
            -26.035137176513672
        ]
    }
}
