{
    "IntendedFor": "anat/*_space-T1w_desc-groundtruth_afids.fcsv",
    "FiducialsCoordinateSystem": "RAS",
    "FiducialsCoordinateUnits": "mm",
    "FiducialsCoordinateSystemDescription": "RAS orientation: Origin halfway between LPA and RPA, positive x-axis towards RPA, positive y-axis orthogonal to x-axis through Nasion,  z-axis orthogonal to xy-plane, pointing in superior direction.",
    "FiducialsCoordinates": {
        "AC": [
            -9.311677932739258,
            37.10600280761719,
            80.1278076171875
        ],
        "PC": [
            -4.542652606964111,
            11.01992130279541,
            78.63156127929688
        ],
        "ICS": [
            -1.7314602136611938,
            0.6706615090370178,
            69.43041229248047
        ],
        "PMJ": [
            -4.503240585327148,
            17.683914184570312,
            65.43281555175781
        ],
        "SIPF": [
            -5.69365119934082,
            21.234811782836918,
            72.76380157470703
        ],
        "RSLMS": [
            8.73828125,
            12.208294868469238,
            72.325927734375
        ],
        "LSLMS": [
            -15.883917808532717,
            7.460788249969482,
            70.4067153930664
        ],
        "RILMS": [
            9.07204246520996,
            10.50525951385498,
            61.769474029541016
        ],
        "LILMS": [
            -13.780647277832031,
            6.322464466094971,
            60.727298736572266
        ],
        "CUL": [
            0.0408726297318935,
            -12.2313814163208,
            77.87950897216797
        ],
        "IMS": [
            -6.755528450012207,
            27.49319267272949,
            71.11177825927734
        ],
        "RMB": [
            -4.32862663269043,
            28.027454376220703,
            71.27555847167969
        ],
        "LMB": [
            -9.109430313110352,
            26.865190505981445,
            70.9895248413086
        ],
        "PG": [
            -3.432675838470459,
            3.982721328735352,
            79.75599670410156
        ],
        "RLVAC": [
            5.535269737243652,
            38.672950744628906,
            107.16036224365234
        ],
        "LLVAC": [
            -27.07673072814941,
            32.803558349609375,
            106.27233123779295
        ],
        "RLVPC": [
            10.59300708770752,
            12.471552848815918,
            105.91429138183594
        ],
        "LLVPC": [
            -22.298315048217773,
            5.499139308929443,
            104.81217193603516
        ],
        "GENU": [
            -14.640067100524902,
            62.35209655761719,
            90.10559844970705
        ],
        "SPLE": [
            -2.2258119583129883,
            -2.4119772911071777,
            82.35527801513672
        ],
        "RALTH": [
            25.623374938964844,
            41.78799057006836,
            60.75707626342773
        ],
        "LALTH": [
            -40.83390426635742,
            29.517108917236328,
            57.33551025390625
        ],
        "RSAMTH": [
            10.345227241516112,
            29.816869735717773,
            68.65412139892578
        ],
        "LSAMTH": [
            -24.813838958740234,
            21.95221710205078,
            66.81871032714844
        ],
        "RIAMTH": [
            16.23569107055664,
            40.24819946289063,
            59.56440353393555
        ],
        "LIAMTH": [
            -30.66118431091309,
            33.80994415283203,
            57.46114349365234
        ],
        "RIGO": [
            15.40480613708496,
            -3.623527050018311,
            79.95994567871094
        ],
        "LIGO": [
            -19.921676635742188,
            -9.195635795593262,
            75.89961242675781
        ],
        "RVOH": [
            23.43963432312012,
            -38.02228546142578,
            69.96979522705078
        ],
        "LVOH": [
            -12.431564331054688,
            -44.19221496582031,
            69.13329315185547
        ],
        "ROSF": [
            0.2274792939424514,
            55.17462921142578,
            74.78295135498047
        ],
        "LOSF": [
            -24.67768669128418,
            49.5969123840332,
            73.43087005615234
        ]
    }
}
