{
    "IntendedFor": "anat/*_space-T1w_desc-groundtruth_afids.fcsv",
    "FiducialsCoordinateSystem": "RAS",
    "FiducialsCoordinateUnits": "mm",
    "FiducialsCoordinateSystemDescription": "RAS orientation: Origin halfway between LPA and RPA, positive x-axis towards RPA, positive y-axis orthogonal to x-axis through Nasion,  z-axis orthogonal to xy-plane, pointing in superior direction.",
    "FiducialsCoordinates": {
        "AC": [
            1.892918586730957,
            35.9941520690918,
            3.9424619674682617
        ],
        "PC": [
            -0.9834274053573608,
            10.049304962158203,
            -1.592185378074646
        ],
        "ICS": [
            -2.728849172592163,
            0.6788153648376465,
            -9.827829360961914
        ],
        "PMJ": [
            -0.7661488056182861,
            16.784988403320312,
            -14.67935848236084
        ],
        "SIPF": [
            -0.1274591535329818,
            20.69862174987793,
            -4.689523220062256
        ],
        "RSLMS": [
            10.960772514343262,
            6.8668975830078125,
            -9.10369110107422
        ],
        "LSLMS": [
            -14.563761711120604,
            9.843463897705078,
            -8.011448860168457
        ],
        "RILMS": [
            8.99524211883545,
            5.530165195465088,
            -17.820232391357422
        ],
        "LILMS": [
            -13.13841152191162,
            7.916640758514404,
            -17.00086212158203
        ],
        "CUL": [
            -4.134026050567627,
            -14.699115753173828,
            -5.85709810256958
        ],
        "IMS": [
            0.5081011056900024,
            26.796817779541016,
            -5.7607269287109375
        ],
        "RMB": [
            3.234410285949707,
            26.458166122436523,
            -5.705972194671631
        ],
        "LMB": [
            -2.489503860473633,
            27.282106399536133,
            -5.548010349273682
        ],
        "PG": [
            -1.8817723989486692,
            2.6337804794311523,
            0.0131518067792057
        ],
        "RLVAC": [
            20.23965835571289,
            29.35611724853516,
            27.193212509155277
        ],
        "LLVAC": [
            -18.08077812194824,
            33.50181579589844,
            29.18505859375
        ],
        "RLVPC": [
            22.515098571777344,
            1.9928433895111084,
            22.036869049072266
        ],
        "LLVPC": [
            -25.16856384277344,
            7.214114665985107,
            24.2940616607666
        ],
        "GENU": [
            4.768272876739502,
            60.72070693969727,
            14.627092361450195
        ],
        "SPLE": [
            -1.83941650390625,
            -1.1243021488189695,
            4.306175708770752
        ],
        "RALTH": [
            36.91656494140625,
            31.84486389160156,
            -21.23417854309082
        ],
        "LALTH": [
            -34.112640380859375,
            37.865909576416016,
            -18.22950935363769
        ],
        "RSAMTH": [
            22.593589782714844,
            23.963703155517575,
            -10.54279327392578
        ],
        "LSAMTH": [
            -20.288619995117188,
            29.63070106506348,
            -9.12226104736328
        ],
        "RIAMTH": [
            26.186687469482425,
            32.25768280029297,
            -21.125873565673828
        ],
        "LIAMTH": [
            -21.860864639282227,
            36.78459548950195,
            -18.56330108642578
        ],
        "RIGO": [
            15.881513595581056,
            -3.8177740573883057,
            -0.909350037574768
        ],
        "LIGO": [
            -19.883588790893555,
            -1.7741245031356812,
            0.496480256319046
        ],
        "RVOH": [
            15.19832992553711,
            -37.548866271972656,
            -10.659778594970703
        ],
        "LVOH": [
            -24.9863338470459,
            -38.534088134765625,
            -9.0912504196167
        ],
        "ROSF": [
            17.525644302368164,
            52.0040168762207,
            -1.351975679397583
        ],
        "LOSF": [
            -8.972869873046875,
            55.926570892333984,
            -0.4866991639137268
        ]
    }
}
