{
    "IntendedFor": "anat/*_space-T1w_desc-groundtruth_afids.fcsv",
    "FiducialsCoordinateSystem": "RAS",
    "FiducialsCoordinateUnits": "mm",
    "FiducialsCoordinateSystemDescription": "RAS orientation: Origin halfway between LPA and RPA, positive x-axis towards RPA, positive y-axis orthogonal to x-axis through Nasion,  z-axis orthogonal to xy-plane, pointing in superior direction.",
    "FiducialsCoordinates": {
        "AC": [
            3.9069457054138175,
            35.77351379394531,
            22.43458366394043
        ],
        "PC": [
            2.116463184356689,
            8.429581642150879,
            19.61412048339844
        ],
        "ICS": [
            0.5972122550010681,
            -1.1902722120285034,
            10.529546737670898
        ],
        "PMJ": [
            0.9849563837051392,
            15.197484970092772,
            5.373284816741943
        ],
        "SIPF": [
            2.0517423152923584,
            19.8999080657959,
            14.44882583618164
        ],
        "RSLMS": [
            11.546393394470217,
            6.8684401512146,
            11.593157768249512
        ],
        "LSLMS": [
            -10.573819160461426,
            7.943667411804199,
            13.589646339416504
        ],
        "RILMS": [
            10.284648895263672,
            5.677181243896484,
            -0.6586963534355164
        ],
        "LILMS": [
            -10.292681694030762,
            6.726442813873291,
            1.687317967414856
        ],
        "CUL": [
            0.1384912133216858,
            -16.268693923950195,
            17.14067840576172
        ],
        "IMS": [
            2.3509650230407715,
            27.657835006713867,
            12.898601531982422
        ],
        "RMB": [
            4.462840557098389,
            27.80109977722168,
            12.865883827209473
        ],
        "LMB": [
            -0.0200178585946559,
            27.61142921447754,
            13.338753700256348
        ],
        "PG": [
            1.5269871950149536,
            0.7462204098701477,
            20.64469718933105
        ],
        "RLVAC": [
            20.32064819335937,
            32.18924331665039,
            48.5886344909668
        ],
        "LLVAC": [
            -7.841734886169434,
            34.184566497802734,
            50.78116607666016
        ],
        "RLVPC": [
            19.9661865234375,
            3.966775417327881,
            47.873565673828125
        ],
        "LLVPC": [
            -11.200444221496582,
            5.576679229736328,
            49.389461517333984
        ],
        "GENU": [
            6.305613040924072,
            63.44294738769531,
            34.939697265625
        ],
        "SPLE": [
            1.7648966312408447,
            -3.873412609100342,
            25.10272026062012
        ],
        "RALTH": [
            30.470977783203125,
            30.254138946533203,
            0.4520996809005737
        ],
        "LALTH": [
            -25.90270233154297,
            31.40418815612793,
            5.417015552520752
        ],
        "RSAMTH": [
            17.124515533447266,
            26.35968399047852,
            9.588753700256348
        ],
        "LSAMTH": [
            -15.088854789733888,
            26.427114486694336,
            12.425065994262695
        ],
        "RIAMTH": [
            18.54083251953125,
            31.60035514831543,
            1.1142499446868896
        ],
        "LIAMTH": [
            -17.244800567626953,
            32.50959777832031,
            4.134153842926025
        ],
        "RIGO": [
            14.44010066986084,
            -9.082497596740724,
            22.64055633544922
        ],
        "LIGO": [
            -13.610769271850586,
            -9.748699188232422,
            22.50171661376953
        ],
        "RVOH": [
            14.224194526672363,
            -44.52365112304688,
            10.67994785308838
        ],
        "LVOH": [
            -17.659486770629883,
            -43.93391036987305,
            15.838946342468262
        ],
        "ROSF": [
            15.885004043579102,
            50.87530517578125,
            17.64792251586914
        ],
        "LOSF": [
            -7.574762344360352,
            53.01450347900391,
            20.11404228210449
        ]
    }
}
