{
    "IntendedFor": "anat/*_space-T1w_desc-groundtruth_afids.fcsv",
    "FiducialsCoordinateSystem": "RAS",
    "FiducialsCoordinateUnits": "mm",
    "FiducialsCoordinateSystemDescription": "RAS orientation: Origin halfway between LPA and RPA, positive x-axis towards RPA, positive y-axis orthogonal to x-axis through Nasion,  z-axis orthogonal to xy-plane, pointing in superior direction.",
    "FiducialsCoordinates": {
        "AC": [
            2.47867751121521,
            29.5131778717041,
            2.7235958576202397
        ],
        "PC": [
            3.341308355331421,
            6.969934463500977,
            -7.148048400878906
        ],
        "ICS": [
            3.2902214527130127,
            0.6769307851791382,
            -19.147703170776367
        ],
        "PMJ": [
            2.838538408279419,
            15.876750946044922,
            -19.31024932861328
        ],
        "SIPF": [
            2.714341163635254,
            17.929494857788086,
            -9.442813873291016
        ],
        "RSLMS": [
            15.28053855895996,
            7.907529354095459,
            -13.444650650024414
        ],
        "LSLMS": [
            -10.52176284790039,
            7.015931129455566,
            -14.232966423034668
        ],
        "RILMS": [
            13.441651344299316,
            7.653046607971191,
            -25.54169273376465
        ],
        "LILMS": [
            -8.534682273864746,
            7.103338718414307,
            -25.93206024169922
        ],
        "CUL": [
            3.2563908100128174,
            -15.580232620239258,
            -22.86695671081543
        ],
        "IMS": [
            2.895572662353516,
            24.307371139526367,
            -6.84043550491333
        ],
        "RMB": [
            5.426737785339356,
            24.64153289794922,
            -6.599114418029785
        ],
        "LMB": [
            -0.1674906611442566,
            24.22479820251465,
            -6.58045768737793
        ],
        "PG": [
            3.72965931892395,
            0.922590970993042,
            -7.590793132781982
        ],
        "RLVAC": [
            19.6734619140625,
            23.12540626525879,
            28.69141960144043
        ],
        "LLVAC": [
            -14.573087692260742,
            22.58839225769043,
            27.17185401916504
        ],
        "RLVPC": [
            22.896684646606445,
            -3.5426979064941406,
            17.859411239624023
        ],
        "LLVPC": [
            -15.6356782913208,
            -4.033153057098389,
            15.87764835357666
        ],
        "GENU": [
            1.3591760396957395,
            55.27832794189453,
            22.85418128967285
        ],
        "SPLE": [
            3.6499860286712646,
            -8.204458236694336,
            -7.570397853851318
        ],
        "RALTH": [
            38.41001510620117,
            34.36089324951172,
            -17.594934463500977
        ],
        "LALTH": [
            -32.306827545166016,
            30.359590530395508,
            -20.20203971862793
        ],
        "RSAMTH": [
            24.76496124267578,
            25.4610652923584,
            -11.278648376464844
        ],
        "LSAMTH": [
            -19.305757522583008,
            22.88364791870117,
            -13.691155433654783
        ],
        "RIAMTH": [
            28.93252182006836,
            32.73043441772461,
            -16.430892944335938
        ],
        "LIAMTH": [
            -21.65113639831543,
            29.738792419433597,
            -20.670639038085938
        ],
        "RIGO": [
            19.465301513671875,
            -5.548507213592529,
            -10.667804718017578
        ],
        "LIGO": [
            -13.509687423706056,
            -8.434707641601562,
            -14.125922203063965
        ],
        "RVOH": [
            26.515840530395508,
            -35.97970962524414,
            -25.346269607543945
        ],
        "LVOH": [
            -12.65600299835205,
            -39.57550430297852,
            -34.25701904296875
        ],
        "ROSF": [
            15.212523460388184,
            47.79830551147461,
            4.595583438873291
        ],
        "LOSF": [
            -12.38041877746582,
            47.7745246887207,
            2.542513132095337
        ]
    }
}
