{
    "IntendedFor": "anat/*_space-T1w_desc-groundtruth_afids.fcsv",
    "FiducialsCoordinateSystem": "RAS",
    "FiducialsCoordinateUnits": "mm",
    "FiducialsCoordinateSystemDescription": "RAS orientation: Origin halfway between LPA and RPA, positive x-axis towards RPA, positive y-axis orthogonal to x-axis through Nasion,  z-axis orthogonal to xy-plane, pointing in superior direction.",
    "FiducialsCoordinates": {
        "AC": [
            0.8065173029899597,
            39.52914810180664,
            -20.318588256835938
        ],
        "PC": [
            -2.1478068828582764,
            15.19171905517578,
            -22.782228469848636
        ],
        "ICS": [
            -4.392463684082031,
            5.541189670562744,
            -32.41886138916016
        ],
        "PMJ": [
            -3.1075055599212646,
            20.957035064697266,
            -37.62176513671875
        ],
        "SIPF": [
            -1.5854734182357788,
            25.82391357421875,
            -30.32165908813477
        ],
        "RSLMS": [
            6.421082973480225,
            12.33122730255127,
            -31.96357727050781
        ],
        "LSLMS": [
            -13.48891544342041,
            15.006155967712402,
            -30.36347961425781
        ],
        "RILMS": [
            5.49214506149292,
            9.834444046020508,
            -42.53890228271485
        ],
        "LILMS": [
            -15.72091293334961,
            13.986988067626951,
            -40.15167236328125
        ],
        "CUL": [
            -6.5397491455078125,
            -12.43315315246582,
            -27.396953582763672
        ],
        "IMS": [
            -1.0833948850631714,
            31.252351760864254,
            -30.572683334350582
        ],
        "RMB": [
            0.7050471305847168,
            30.969480514526367,
            -30.816484451293945
        ],
        "LMB": [
            -3.091508388519287,
            31.361343383789062,
            -30.404937744140625
        ],
        "PG": [
            -2.777285575866699,
            9.806581497192385,
            -21.35311317443848
        ],
        "RLVAC": [
            16.617916107177734,
            36.132511138916016,
            3.4361157417297363
        ],
        "LLVAC": [
            -10.13717555999756,
            39.52903747558594,
            6.216810703277588
        ],
        "RLVPC": [
            15.5577974319458,
            10.859452247619627,
            0.128543347120285
        ],
        "LLVPC": [
            -17.48013687133789,
            15.647154808044434,
            2.1638996601104736
        ],
        "GENU": [
            5.655421733856201,
            69.90125274658203,
            -10.194581031799316
        ],
        "SPLE": [
            -3.4191744327545166,
            2.2396605014801025,
            -17.65706443786621
        ],
        "RALTH": [
            27.034730911254883,
            31.01545143127441,
            -44.65980529785156
        ],
        "LALTH": [
            -32.31965255737305,
            38.930397033691406,
            -37.18041610717773
        ],
        "RSAMTH": [
            14.403521537780762,
            27.531110763549805,
            -34.91285705566406
        ],
        "LSAMTH": [
            -18.51897621154785,
            32.00543212890625,
            -31.84355354309082
        ],
        "RIAMTH": [
            19.91801643371582,
            31.371980667114254,
            -44.29293441772461
        ],
        "LIAMTH": [
            -26.74920463562012,
            38.666751861572266,
            -38.48099136352539
        ],
        "RIGO": [
            7.721508026123047,
            -0.1696095913648605,
            -23.63437843322754
        ],
        "LIGO": [
            -17.905609130859375,
            2.8782200813293457,
            -21.28668212890625
        ],
        "RVOH": [
            6.2191596031188965,
            -43.57547378540039,
            -26.7163028717041
        ],
        "LVOH": [
            -23.68851089477539,
            -37.82427597045898,
            -26.43275260925293
        ],
        "ROSF": [
            13.11038589477539,
            54.10637664794922,
            -25.417856216430664
        ],
        "LOSF": [
            -8.983102798461914,
            56.14753723144531,
            -24.03837776184082
        ]
    }
}
