{
    "IntendedFor": "anat/*_space-T1w_desc-groundtruth_afids.fcsv",
    "FiducialsCoordinateSystem": "RAS",
    "FiducialsCoordinateUnits": "mm",
    "FiducialsCoordinateSystemDescription": "RAS orientation: Origin halfway between LPA and RPA, positive x-axis towards RPA, positive y-axis orthogonal to x-axis through Nasion,  z-axis orthogonal to xy-plane, pointing in superior direction.",
    "FiducialsCoordinates": {
        "AC": [
            -8.964634895324707,
            38.1417350769043,
            10.56961441040039
        ],
        "PC": [
            -6.420773029327393,
            12.446282386779783,
            8.920232772827148
        ],
        "ICS": [
            -5.3853068351745605,
            2.4419686794281006,
            1.1066473722457886
        ],
        "PMJ": [
            -7.193228721618652,
            18.12229347229004,
            -5.248055458068848
        ],
        "SIPF": [
            -7.471212387084961,
            23.574525833129883,
            3.1122939586639404
        ],
        "RSLMS": [
            4.705522537231445,
            11.03591251373291,
            2.4111428260803223
        ],
        "LSLMS": [
            -18.179126739501957,
            8.968792915344238,
            2.15313458442688
        ],
        "RILMS": [
            4.276460647583008,
            8.907986640930176,
            -7.477396011352539
        ],
        "LILMS": [
            -16.132001876831055,
            7.598268508911133,
            -7.225404739379883
        ],
        "CUL": [
            -4.915684223175049,
            -15.090994834899902,
            7.606540203094482
        ],
        "IMS": [
            -8.037932395935059,
            28.97920799255371,
            1.6989740133285522
        ],
        "RMB": [
            -5.865174293518066,
            29.328224182128903,
            2.041810274124145
        ],
        "LMB": [
            -10.3099946975708,
            28.54382705688477,
            2.0478641986846924
        ],
        "PG": [
            -5.835923671722412,
            5.626006603240967,
            9.731701850891112
        ],
        "RLVAC": [
            5.429827690124512,
            39.59793472290039,
            37.75553512573242
        ],
        "LLVAC": [
            -23.18264579772949,
            36.86849594116211,
            35.826637268066406
        ],
        "RLVPC": [
            9.130834579467772,
            12.394753456115724,
            36.47834014892578
        ],
        "LLVPC": [
            -22.826452255249023,
            9.034069061279297,
            35.8924674987793
        ],
        "GENU": [
            -11.844261169433594,
            67.02080535888672,
            17.94387435913086
        ],
        "SPLE": [
            -5.650760173797607,
            -2.559090137481689,
            12.745321273803713
        ],
        "RALTH": [
            23.340057373046875,
            32.682594299316406,
            -7.99870491027832
        ],
        "LALTH": [
            -38.17526245117188,
            25.963912963867188,
            -8.796087265014648
        ],
        "RSAMTH": [
            11.423348426818848,
            27.050716400146484,
            -1.9502317905426023
        ],
        "LSAMTH": [
            -28.14403915405273,
            23.20005989074707,
            -2.437774896621704
        ],
        "RIAMTH": [
            15.182144165039062,
            32.00413131713867,
            -8.885619163513184
        ],
        "LIAMTH": [
            -29.66435813903809,
            26.778472900390625,
            -8.681904792785645
        ],
        "RIGO": [
            6.903217315673828,
            0.9024539589881896,
            11.033870697021484
        ],
        "LIGO": [
            -17.231355667114258,
            -4.580150127410889,
            9.440200805664062
        ],
        "RVOH": [
            13.645214080810549,
            -40.0537223815918,
            7.304666042327881
        ],
        "LVOH": [
            -18.62484169006348,
            -46.63580703735352,
            6.670862674713135
        ],
        "ROSF": [
            0.1170961484313011,
            53.96884536743164,
            6.428765296936035
        ],
        "LOSF": [
            -21.237180709838867,
            51.90848922729492,
            6.629171371459961
        ]
    }
}
