{
    "IntendedFor": "anat/*_space-T1w_desc-groundtruth_afids.fcsv",
    "FiducialsCoordinateSystem": "RAS",
    "FiducialsCoordinateUnits": "mm",
    "FiducialsCoordinateSystemDescription": "RAS orientation: Origin halfway between LPA and RPA, positive x-axis towards RPA, positive y-axis orthogonal to x-axis through Nasion,  z-axis orthogonal to xy-plane, pointing in superior direction.",
    "FiducialsCoordinates": {
        "AC": [
            2.7174746990203857,
            26.30805969238281,
            34.29081344604492
        ],
        "PC": [
            1.6700356006622314,
            0.8314357399940491,
            32.32908248901367
        ],
        "ICS": [
            1.0149980783462524,
            -8.785383224487305,
            25.197525024414062
        ],
        "PMJ": [
            1.0136035680770874,
            5.134335994720459,
            19.295318603515625
        ],
        "SIPF": [
            1.5416914224624634,
            10.598465919494627,
            27.439022064208984
        ],
        "RSLMS": [
            12.735870361328123,
            -1.0479358434677124,
            25.90742874145508
        ],
        "LSLMS": [
            -11.022568702697754,
            -0.8108300566673279,
            26.933931350708008
        ],
        "RILMS": [
            10.847900390625,
            -3.708559989929199,
            17.209835052490234
        ],
        "LILMS": [
            -10.03567123413086,
            -3.25695276260376,
            18.161060333251957
        ],
        "CUL": [
            1.1207823753356934,
            -23.85696220397949,
            34.190284729003906
        ],
        "IMS": [
            1.96022367477417,
            16.188051223754883,
            24.787153244018555
        ],
        "RMB": [
            4.039983749389648,
            16.19614028930664,
            24.826234817504883
        ],
        "LMB": [
            0.0520232394337654,
            15.957469940185549,
            24.883495330810547
        ],
        "PG": [
            1.730740308761597,
            -5.577953338623047,
            34.362972259521484
        ],
        "RLVAC": [
            11.896973609924316,
            24.4978141784668,
            50.7679557800293
        ],
        "LLVAC": [
            -4.4065775871276855,
            24.74322891235352,
            52.07675552368164
        ],
        "RLVPC": [
            20.82088661193848,
            -1.724953532218933,
            51.602500915527344
        ],
        "LLVPC": [
            -13.871665000915527,
            -0.5094982981681824,
            55.6403923034668
        ],
        "GENU": [
            4.333059310913086,
            55.09102249145508,
            43.66359329223633
        ],
        "SPLE": [
            1.8343756198883057,
            -8.502721786499023,
            36.22872161865234
        ],
        "RALTH": [
            32.10922622680664,
            22.607812881469727,
            12.745012283325195
        ],
        "LALTH": [
            -30.711360931396484,
            20.305782318115234,
            18.318254470825195
        ],
        "RSAMTH": [
            20.19823837280273,
            15.052632331848145,
            23.758548736572266
        ],
        "LSAMTH": [
            -17.138595581054688,
            13.89565658569336,
            26.18942642211914
        ],
        "RIAMTH": [
            25.8636474609375,
            22.24253273010254,
            12.993125915527344
        ],
        "LIAMTH": [
            -25.40018081665039,
            19.63089370727539,
            17.57126808166504
        ],
        "RIGO": [
            18.417423248291016,
            -11.619861602783203,
            35.10145950317383
        ],
        "LIGO": [
            -15.568842887878418,
            -14.053711891174316,
            36.38082885742188
        ],
        "RVOH": [
            21.81753158569336,
            -43.38043975830078,
            32.545291900634766
        ],
        "LVOH": [
            -18.16067886352539,
            -47.11591339111328,
            33.8082160949707
        ],
        "ROSF": [
            14.472193717956545,
            43.73826599121094,
            30.752559661865234
        ],
        "LOSF": [
            -9.121188163757324,
            40.90245056152344,
            29.44347381591797
        ]
    }
}
