{
    "IntendedFor": "anat/*_space-T1w_desc-groundtruth_afids.fcsv",
    "FiducialsCoordinateSystem": "RAS",
    "FiducialsCoordinateUnits": "mm",
    "FiducialsCoordinateSystemDescription": "RAS orientation: Origin halfway between LPA and RPA, positive x-axis towards RPA, positive y-axis orthogonal to x-axis through Nasion,  z-axis orthogonal to xy-plane, pointing in superior direction.",
    "FiducialsCoordinates": {
        "AC": [
            -1.723300814628601,
            29.939802169799805,
            -15.162710189819336
        ],
        "PC": [
            -2.897448778152466,
            9.38665771484375,
            -24.145788192749023
        ],
        "ICS": [
            -4.002011299133301,
            2.101065397262573,
            -35.39929962158203
        ],
        "PMJ": [
            -3.460500717163086,
            17.054977416992188,
            -36.29119491577149
        ],
        "SIPF": [
            -2.794496297836304,
            18.423564910888672,
            -26.77120590209961
        ],
        "RSLMS": [
            8.010380744934082,
            9.57898998260498,
            -31.822429656982425
        ],
        "LSLMS": [
            -13.974164009094238,
            10.814178466796877,
            -30.23922538757324
        ],
        "RILMS": [
            5.64439868927002,
            10.532700538635254,
            -41.52700805664063
        ],
        "LILMS": [
            -13.509751319885254,
            11.409549713134766,
            -39.39633560180664
        ],
        "CUL": [
            -4.456735610961914,
            -14.897775650024414,
            -31.636455535888672
        ],
        "IMS": [
            -3.118088960647583,
            24.797426223754883,
            -27.30345726013184
        ],
        "RMB": [
            -0.3018158376216888,
            24.91987609863281,
            -27.285144805908203
        ],
        "LMB": [
            -5.223133087158203,
            24.919696807861328,
            -26.85309219360352
        ],
        "PG": [
            -3.199730634689331,
            4.122626781463623,
            -24.304771423339844
        ],
        "RLVAC": [
            13.39594268798828,
            19.70884323120117,
            6.3251776695251465
        ],
        "LLVAC": [
            -13.76905632019043,
            20.550975799560547,
            9.699199676513672
        ],
        "RLVPC": [
            16.401166915893555,
            -2.1840991973876958,
            -1.4214240312576294
        ],
        "LLVPC": [
            -19.120824813842773,
            -1.8063573837280276,
            1.4905019998550415
        ],
        "GENU": [
            0.010973515920341,
            51.41202926635742,
            4.36751651763916
        ],
        "SPLE": [
            -3.2981555461883545,
            -4.601264476776123,
            -22.518695831298828
        ],
        "RALTH": [
            25.358661651611328,
            32.31892776489258,
            -39.51270294189453
        ],
        "LALTH": [
            -33.953895568847656,
            34.18731689453125,
            -32.22276306152344
        ],
        "RSAMTH": [
            14.54201602935791,
            23.38639068603516,
            -31.94418334960937
        ],
        "LSAMTH": [
            -20.811613082885746,
            25.70232391357422,
            -28.546485900878903
        ],
        "RIAMTH": [
            19.05828285217285,
            33.332984924316406,
            -40.4962272644043
        ],
        "LIAMTH": [
            -27.675716400146484,
            35.24528884887695,
            -34.16419219970703
        ],
        "RIGO": [
            9.337167739868164,
            -5.79662036895752,
            -27.94908142089844
        ],
        "LIGO": [
            -15.877943992614746,
            -4.996149063110352,
            -25.07170867919922
        ],
        "RVOH": [
            12.308708190917969,
            -37.01323699951172,
            -42.28217315673828
        ],
        "LVOH": [
            -24.723163604736328,
            -35.32408905029297,
            -39.465518951416016
        ],
        "ROSF": [
            10.171087265014648,
            44.49362182617188,
            -16.631078720092773
        ],
        "LOSF": [
            -13.250638961791992,
            45.00707244873047,
            -13.885775566101074
        ]
    }
}
