{
    "IntendedFor": "anat/*_space-T1w_desc-groundtruth_afids.fcsv",
    "FiducialsCoordinateSystem": "RAS",
    "FiducialsCoordinateUnits": "mm",
    "FiducialsCoordinateSystemDescription": "RAS orientation: Origin halfway between LPA and RPA, positive x-axis towards RPA, positive y-axis orthogonal to x-axis through Nasion,  z-axis orthogonal to xy-plane, pointing in superior direction.",
    "FiducialsCoordinates": {
        "AC": [
            -4.596563816070557,
            39.8438606262207,
            23.488269805908203
        ],
        "PC": [
            -4.39094352722168,
            12.605006217956545,
            23.566970825195312
        ],
        "ICS": [
            -4.439018249511719,
            0.6064717769622803,
            13.279067993164062
        ],
        "PMJ": [
            -4.625344753265381,
            18.140779495239254,
            8.568978309631348
        ],
        "SIPF": [
            -4.492453098297119,
            23.689287185668945,
            14.320743560791016
        ],
        "RSLMS": [
            6.762758255004883,
            10.87683391571045,
            14.76557731628418
        ],
        "LSLMS": [
            -16.60797691345215,
            10.05177116394043,
            15.215474128723145
        ],
        "RILMS": [
            5.851810932159424,
            9.04153823852539,
            4.0191731452941895
        ],
        "LILMS": [
            -16.713972091674805,
            9.041958808898926,
            4.202535629272461
        ],
        "CUL": [
            -3.7258245944976807,
            -15.032415390014648,
            23.340612411499023
        ],
        "IMS": [
            -4.720658302307129,
            29.514862060546875,
            13.003125190734863
        ],
        "RMB": [
            -2.3712596893310547,
            29.70332336425781,
            12.96808624267578
        ],
        "LMB": [
            -6.736509323120117,
            29.359943389892575,
            13.023414611816406
        ],
        "PG": [
            -4.323866844177246,
            4.542954444885254,
            24.81187629699707
        ],
        "RLVAC": [
            10.565043449401855,
            39.90400314331055,
            50.68922805786133
        ],
        "LLVAC": [
            -17.74045181274414,
            39.81135940551758,
            50.95161437988281
        ],
        "RLVPC": [
            11.850624084472656,
            13.01944637298584,
            49.37125778198242
        ],
        "LLVPC": [
            -18.625001907348636,
            12.489970207214355,
            51.71410369873047
        ],
        "GENU": [
            -4.177978038787842,
            70.36451721191406,
            34.08325958251953
        ],
        "SPLE": [
            -4.116656303405762,
            -1.9993633031845093,
            27.404685974121094
        ],
        "RALTH": [
            23.768348693847656,
            30.8215274810791,
            1.2275854349136353
        ],
        "LALTH": [
            -34.95352935791016,
            30.261857986450195,
            3.371941328048706
        ],
        "RSAMTH": [
            12.273444175720217,
            27.594858169555664,
            9.606879234313965
        ],
        "LSAMTH": [
            -22.27290344238281,
            25.94729232788086,
            10.691247940063477
        ],
        "RIAMTH": [
            17.808544158935547,
            30.399572372436523,
            0.6403286457061768
        ],
        "LIAMTH": [
            -28.52852249145508,
            29.485109329223636,
            2.8352630138397217
        ],
        "RIGO": [
            8.530688285827637,
            -1.047882080078125,
            21.94707298278809
        ],
        "LIGO": [
            -18.16492080688477,
            -2.3769099712371826,
            24.35052490234375
        ],
        "RVOH": [
            14.805275917053224,
            -45.30009078979492,
            19.851709365844727
        ],
        "LVOH": [
            -20.98363494873047,
            -45.87268829345703,
            21.749757766723636
        ],
        "ROSF": [
            7.668811798095703,
            55.709957122802734,
            16.55440902709961
        ],
        "LOSF": [
            -17.244892120361328,
            55.10342788696289,
            17.42428207397461
        ]
    }
}
