{
    "IntendedFor": "anat/*_space-T1w_desc-groundtruth_afids.fcsv",
    "FiducialsCoordinateSystem": "RAS",
    "FiducialsCoordinateUnits": "mm",
    "FiducialsCoordinateSystemDescription": "RAS orientation: Origin halfway between LPA and RPA, positive x-axis towards RPA, positive y-axis orthogonal to x-axis through Nasion,  z-axis orthogonal to xy-plane, pointing in superior direction.",
    "FiducialsCoordinates": {
        "AC": [
            3.269618034362793,
            37.64983367919922,
            3.712692022323608
        ],
        "PC": [
            3.8311519622802734,
            10.945457458496094,
            -2.0412397384643555
        ],
        "ICS": [
            3.828399181365967,
            2.999610662460327,
            -10.475334167480469
        ],
        "PMJ": [
            3.759010791778565,
            20.498083114624023,
            -14.430339813232422
        ],
        "SIPF": [
            3.9095299243927,
            21.682477951049805,
            -7.066858768463135
        ],
        "RSLMS": [
            15.49834442138672,
            9.380077362060549,
            -9.559930801391602
        ],
        "LSLMS": [
            -7.864651203155518,
            9.69528579711914,
            -9.546674728393556
        ],
        "RILMS": [
            15.128371238708496,
            11.543603897094728,
            -19.701261520385746
        ],
        "LILMS": [
            -8.086494445800781,
            11.275064468383787,
            -19.535903930664062
        ],
        "CUL": [
            4.727128028869629,
            -13.274714469909668,
            -7.056240081787109
        ],
        "IMS": [
            3.659366607666016,
            29.43587875366211,
            -7.291427612304687
        ],
        "RMB": [
            5.742809295654297,
            29.57101249694824,
            -7.220984935760498
        ],
        "LMB": [
            1.052890062332153,
            29.50164794921875,
            -7.220099449157715
        ],
        "PG": [
            4.153236389160156,
            4.356685161590576,
            -0.8127855658531189
        ],
        "RLVAC": [
            19.92265510559082,
            33.31731033325195,
            31.32624626159668
        ],
        "LLVAC": [
            -14.853209495544434,
            33.615264892578125,
            31.79130744934082
        ],
        "RLVPC": [
            22.59371566772461,
            6.6494460105896,
            24.770782470703125
        ],
        "LLVPC": [
            -14.86795711517334,
            5.448724269866943,
            25.563631057739254
        ],
        "GENU": [
            2.5640170574188232,
            63.44147491455078,
            17.337474822998047
        ],
        "SPLE": [
            4.412285804748535,
            -0.8072307109832764,
            1.8019325733184812
        ],
        "RALTH": [
            34.92095184326172,
            36.0586051940918,
            -18.11945343017578
        ],
        "LALTH": [
            -31.47012710571289,
            35.944278717041016,
            -17.01566505432129
        ],
        "RSAMTH": [
            24.273530960083008,
            26.373512268066406,
            -10.20879364013672
        ],
        "LSAMTH": [
            -18.24789428710937,
            28.180082321166992,
            -10.510165214538574
        ],
        "RIAMTH": [
            24.66367530822754,
            35.42633438110352,
            -19.6591911315918
        ],
        "LIAMTH": [
            -21.26581382751465,
            36.07353591918945,
            -19.0281982421875
        ],
        "RIGO": [
            22.40023422241211,
            -4.723174571990967,
            -3.4143662452697754
        ],
        "LIGO": [
            -10.788175582885742,
            -3.233752012252808,
            -2.592512607574463
        ],
        "RVOH": [
            28.161226272583008,
            -39.05427551269531,
            -15.563631057739258
        ],
        "LVOH": [
            -12.97352409362793,
            -43.18784713745117,
            -16.83440399169922
        ],
        "ROSF": [
            14.168861389160156,
            53.20940780639648,
            1.633609414100647
        ],
        "LOSF": [
            -10.970732688903809,
            52.935306549072266,
            1.826220154762268
        ]
    }
}
