{
    "IntendedFor": "anat/*_space-T1w_desc-groundtruth_afids.fcsv",
    "FiducialsCoordinateSystem": "RAS",
    "FiducialsCoordinateUnits": "mm",
    "FiducialsCoordinateSystemDescription": "RAS orientation: Origin halfway between LPA and RPA, positive x-axis towards RPA, positive y-axis orthogonal to x-axis through Nasion,  z-axis orthogonal to xy-plane, pointing in superior direction.",
    "FiducialsCoordinates": {
        "AC": [
            2.6862051486968994,
            50.53635787963867,
            -1.61763596534729
        ],
        "PC": [
            1.7913169860839844,
            19.79424285888672,
            -3.1209328174591064
        ],
        "ICS": [
            2.161304712295532,
            8.980554580688477,
            -11.235698699951172
        ],
        "PMJ": [
            2.6669037342071533,
            25.677074432373047,
            -17.708614349365234
        ],
        "SIPF": [
            2.398268461227417,
            31.429548263549805,
            -8.96289348602295
        ],
        "RSLMS": [
            15.092341423034668,
            18.17776107788086,
            -8.278088569641113
        ],
        "LSLMS": [
            -11.294748306274414,
            17.656904220581055,
            -10.33018398284912
        ],
        "RILMS": [
            15.539438247680664,
            15.871975898742676,
            -19.125707626342773
        ],
        "LILMS": [
            -8.4381103515625,
            16.040098190307617,
            -20.547632217407227
        ],
        "CUL": [
            1.071744680404663,
            -7.084908962249756,
            -0.3260381817817688
        ],
        "IMS": [
            2.958453893661499,
            38.72319030761719,
            -11.116691589355469
        ],
        "RMB": [
            5.319563388824463,
            39.07929229736328,
            -10.160245895385742
        ],
        "LMB": [
            0.3060439229011535,
            38.75117874145508,
            -10.67794704437256
        ],
        "PG": [
            1.5876463651657104,
            13.232403755187988,
            -1.0985829830169678
        ],
        "RLVAC": [
            17.124326705932617,
            48.72920608520508,
            31.05190658569336
        ],
        "LLVAC": [
            -16.23366928100586,
            50.2689094543457,
            28.14320373535156
        ],
        "RLVPC": [
            17.009408950805664,
            17.91950798034668,
            29.70804977416992
        ],
        "LLVPC": [
            -18.11442375183105,
            19.0025577545166,
            26.8468017578125
        ],
        "GENU": [
            3.6727137565612793,
            85.63330841064453,
            9.29586696624756
        ],
        "SPLE": [
            1.1935396194458008,
            5.068795204162598,
            3.312130689620972
        ],
        "RALTH": [
            40.823638916015625,
            43.90027618408203,
            -21.794862747192383
        ],
        "LALTH": [
            -31.606943130493164,
            43.945796966552734,
            -24.9884033203125
        ],
        "RSAMTH": [
            21.062034606933597,
            38.309478759765625,
            -13.168621063232422
        ],
        "LSAMTH": [
            -17.466445922851562,
            36.54676818847656,
            -14.482187271118164
        ],
        "RIAMTH": [
            28.85230255126953,
            44.623077392578125,
            -23.693832397460938
        ],
        "LIAMTH": [
            -21.30677604675293,
            42.1540412902832,
            -26.741130828857425
        ],
        "RIGO": [
            17.99690055847168,
            4.911552429199219,
            2.4072272777557373
        ],
        "LIGO": [
            -15.360222816467283,
            0.328203797340393,
            0.4361472129821777
        ],
        "RVOH": [
            19.452375411987305,
            -36.2812614440918,
            -0.2278356254100799
        ],
        "LVOH": [
            -25.603071212768555,
            -30.09442901611328,
            -2.187325954437256
        ],
        "ROSF": [
            19.649322509765625,
            67.31996154785156,
            -6.4771246910095215
        ],
        "LOSF": [
            -9.41737937927246,
            67.73307800292969,
            -8.14226245880127
        ]
    }
}
