{
    "IntendedFor": "anat/*_space-T1w_desc-groundtruth_afids.fcsv",
    "FiducialsCoordinateSystem": "RAS",
    "FiducialsCoordinateUnits": "mm",
    "FiducialsCoordinateSystemDescription": "RAS orientation: Origin halfway between LPA and RPA, positive x-axis towards RPA, positive y-axis orthogonal to x-axis through Nasion,  z-axis orthogonal to xy-plane, pointing in superior direction.",
    "FiducialsCoordinates": {
        "AC": [
            2.3328537940979004,
            42.17537689208984,
            10.04443073272705
        ],
        "PC": [
            2.480443954467773,
            16.476037979125977,
            7.28759241104126
        ],
        "ICS": [
            2.4711813926696777,
            7.267876625061035,
            -0.8929082155227661
        ],
        "PMJ": [
            2.185471296310425,
            19.36161994934082,
            -7.934420108795166
        ],
        "SIPF": [
            2.3776230812072754,
            25.94023895263672,
            1.8004156351089478
        ],
        "RSLMS": [
            13.344277381896973,
            14.94704818725586,
            -0.0410954505205154
        ],
        "LSLMS": [
            -8.281900405883789,
            14.05984592437744,
            0.0134081421419978
        ],
        "RILMS": [
            12.357752799987791,
            12.009858131408691,
            -8.94768238067627
        ],
        "LILMS": [
            -7.489301681518555,
            11.59725856781006,
            -9.924888610839844
        ],
        "CUL": [
            2.376420259475708,
            -8.461189270019531,
            7.241649627685547
        ],
        "IMS": [
            2.487770795822144,
            32.85732650756836,
            0.4115051329135895
        ],
        "RMB": [
            4.98073673248291,
            32.83580017089844,
            0.355779767036438
        ],
        "LMB": [
            -0.0546202398836612,
            32.73221969604492,
            0.6544250249862671
        ],
        "PG": [
            2.672648429870605,
            9.361878395080566,
            9.396838188171388
        ],
        "RLVAC": [
            19.384397506713867,
            39.93059539794922,
            40.6088981628418
        ],
        "LLVAC": [
            -13.369022369384766,
            39.7142448425293,
            39.887733459472656
        ],
        "RLVPC": [
            20.61880874633789,
            12.809453964233398,
            38.54018783569336
        ],
        "LLVPC": [
            -15.413641929626465,
            13.840689659118652,
            40.82577896118164
        ],
        "GENU": [
            1.955934762954712,
            69.71885681152344,
            25.11710548400879
        ],
        "SPLE": [
            2.442493438720703,
            2.0905911922454834,
            15.656010627746582
        ],
        "RALTH": [
            35.89978790283203,
            38.40260696411133,
            -10.497817039489746
        ],
        "LALTH": [
            -30.390708923339844,
            35.88202667236328,
            -10.568711280822754
        ],
        "RSAMTH": [
            21.12758445739746,
            31.525522232055664,
            -1.550226092338562
        ],
        "LSAMTH": [
            -17.04146957397461,
            29.84853172302246,
            -1.5550062656402588
        ],
        "RIAMTH": [
            25.403366088867188,
            38.13991165161133,
            -12.39279556274414
        ],
        "LIAMTH": [
            -19.223651885986328,
            36.71452331542969,
            -11.437348365783691
        ],
        "RIGO": [
            12.65171718597412,
            4.205064296722412,
            10.554092407226562
        ],
        "LIGO": [
            -10.394268035888672,
            -0.5203297734260559,
            10.223230361938477
        ],
        "RVOH": [
            24.86414337158203,
            -38.82957077026367,
            2.922658681869507
        ],
        "LVOH": [
            -9.996670722961426,
            -45.92828750610352,
            -6.822843551635742
        ],
        "ROSF": [
            13.892654418945312,
            59.02655029296875,
            6.650551795959473
        ],
        "LOSF": [
            -9.891316413879396,
            56.05486679077149,
            6.306265830993652
        ]
    }
}
