{
    "IntendedFor": "anat/*_space-T1w_desc-groundtruth_afids.fcsv",
    "FiducialsCoordinateSystem": "RAS",
    "FiducialsCoordinateUnits": "mm",
    "FiducialsCoordinateSystemDescription": "RAS orientation: Origin halfway between LPA and RPA, positive x-axis towards RPA, positive y-axis orthogonal to x-axis through Nasion,  z-axis orthogonal to xy-plane, pointing in superior direction.",
    "FiducialsCoordinates": {
        "AC": [
            -8.889184951782227,
            39.79892349243164,
            1.5183604955673218
        ],
        "PC": [
            -5.57042407989502,
            13.706660270690918,
            -2.3284032344818115
        ],
        "ICS": [
            -4.295841217041016,
            4.208510398864746,
            -11.722268104553224
        ],
        "PMJ": [
            -6.027660846710205,
            19.68389892578125,
            -14.123038291931152
        ],
        "SIPF": [
            -6.734469890594482,
            23.8160343170166,
            -6.762989044189453
        ],
        "RSLMS": [
            6.381823539733887,
            13.41810417175293,
            -9.060651779174805
        ],
        "LSLMS": [
            -16.65092658996582,
            10.70934772491455,
            -9.942522048950195
        ],
        "RILMS": [
            5.484724521636963,
            11.387975692749023,
            -18.23570442199707
        ],
        "LILMS": [
            -15.288762092590332,
            9.392513275146484,
            -19.028200149536133
        ],
        "CUL": [
            -2.769829273223877,
            -12.532423973083496,
            -5.122548580169678
        ],
        "IMS": [
            -7.550719738006592,
            29.86402702331543,
            -7.64470100402832
        ],
        "RMB": [
            -5.354971408843994,
            30.362058639526367,
            -7.288766384124756
        ],
        "LMB": [
            -9.480337142944336,
            29.707223892211918,
            -7.54052209854126
        ],
        "PG": [
            -4.566646099090576,
            6.578403472900391,
            -2.4350016117095947
        ],
        "RLVAC": [
            4.6071977615356445,
            39.70769500732422,
            29.50692749023437
        ],
        "LLVAC": [
            -25.607452392578125,
            33.92119598388672,
            28.05638885498047
        ],
        "RLVPC": [
            11.133997917175291,
            12.04394245147705,
            24.1683349609375
        ],
        "LLVPC": [
            -24.210824966430664,
            8.195772171020508,
            23.28569793701172
        ],
        "GENU": [
            -13.049941062927246,
            70.6567153930664,
            12.425265312194824
        ],
        "SPLE": [
            -3.9859187602996826,
            1.2268744707107544,
            -0.5972673892974854
        ],
        "RALTH": [
            23.388032913208008,
            39.926513671875,
            -17.46971893310547
        ],
        "LALTH": [
            -35.22099685668945,
            33.373565673828125,
            -22.141246795654297
        ],
        "RSAMTH": [
            11.442178726196287,
            29.99895668029785,
            -10.978752136230469
        ],
        "LSAMTH": [
            -27.136741638183597,
            25.961456298828125,
            -11.949254989624023
        ],
        "RIAMTH": [
            17.467906951904297,
            38.48414611816406,
            -18.85162353515625
        ],
        "LIAMTH": [
            -30.616775512695312,
            32.846031188964844,
            -20.922306060791016
        ],
        "RIGO": [
            12.837203025817873,
            1.8355063199996948,
            -3.5469729900360107
        ],
        "LIGO": [
            -21.510772705078125,
            -4.818922996520996,
            -5.897933483123779
        ],
        "RVOH": [
            21.309070587158203,
            -37.18012619018555,
            -6.909433364868164
        ],
        "LVOH": [
            -14.991455078125,
            -45.50465393066406,
            -17.954648971557617
        ],
        "ROSF": [
            0.4040902853012085,
            55.68009567260742,
            -1.716249942779541
        ],
        "LOSF": [
            -22.587230682373047,
            53.82604217529297,
            -3.817703723907471
        ]
    }
}
