{
    "IntendedFor": "anat/*_space-T1w_desc-groundtruth_afids.fcsv",
    "FiducialsCoordinateSystem": "RAS",
    "FiducialsCoordinateUnits": "mm",
    "FiducialsCoordinateSystemDescription": "RAS orientation: Origin halfway between LPA and RPA, positive x-axis towards RPA, positive y-axis orthogonal to x-axis through Nasion,  z-axis orthogonal to xy-plane, pointing in superior direction.",
    "FiducialsCoordinates": {
        "AC": [
            1.5924160480499268,
            114.50608825683594,
            11.879555702209473
        ],
        "PC": [
            -0.9420971274375916,
            87.94094848632812,
            9.128602027893066
        ],
        "ICS": [
            -2.220144033432007,
            77.8944091796875,
            0.5718501806259155
        ],
        "PMJ": [
            -1.0735305547714231,
            93.2500991821289,
            -4.857807159423828
        ],
        "SIPF": [
            -0.3795628845691681,
            97.42980194091795,
            3.248955488204956
        ],
        "RSLMS": [
            10.605463027954102,
            84.83769226074219,
            1.3448206186294556
        ],
        "LSLMS": [
            -13.749444007873535,
            86.68484497070312,
            1.8852518796920776
        ],
        "RILMS": [
            8.184379577636719,
            81.64543151855469,
            -8.961220741271973
        ],
        "LILMS": [
            -13.728193283081056,
            83.42598724365234,
            -8.318145751953125
        ],
        "CUL": [
            -3.947420120239258,
            59.7623176574707,
            5.966902732849121
        ],
        "IMS": [
            0.3566838800907135,
            103.64502716064452,
            2.558603286743164
        ],
        "RMB": [
            2.82238507270813,
            103.2676239013672,
            2.702687740325928
        ],
        "LMB": [
            -2.2002272605896,
            103.56512451171876,
            2.8694517612457275
        ],
        "PG": [
            -1.1950017213821411,
            82.25621795654297,
            10.86424446105957
        ],
        "RLVAC": [
            21.27761650085449,
            111.39344787597656,
            38.40958404541016
        ],
        "LLVAC": [
            -15.028504371643066,
            114.74921417236328,
            40.21037673950195
        ],
        "RLVPC": [
            20.59627914428711,
            82.54045867919922,
            36.58442687988281
        ],
        "LLVPC": [
            -21.56352996826172,
            86.60781860351562,
            38.949954986572266
        ],
        "GENU": [
            4.839966297149658,
            143.2827606201172,
            23.029998779296875
        ],
        "SPLE": [
            -2.646457433700561,
            73.26984405517578,
            13.465059280395508
        ],
        "RALTH": [
            38.437835693359375,
            105.72135925292967,
            -13.107327461242676
        ],
        "LALTH": [
            -36.41392517089844,
            113.61122131347656,
            -9.150801658630373
        ],
        "RSAMTH": [
            20.353662490844727,
            100.05882263183594,
            -4.590559959411621
        ],
        "LSAMTH": [
            -23.25678253173828,
            104.38761901855467,
            -1.666003704071045
        ],
        "RIAMTH": [
            23.978286743164062,
            107.9359893798828,
            -14.404845237731934
        ],
        "LIAMTH": [
            -26.113494873046875,
            112.72591400146484,
            -11.212210655212402
        ],
        "RIGO": [
            13.185450553894045,
            69.87238311767578,
            8.786460876464844
        ],
        "LIGO": [
            -21.44921875,
            71.19982147216797,
            9.795549392700195
        ],
        "RVOH": [
            11.541462898254396,
            26.794994354248047,
            7.642115116119385
        ],
        "LVOH": [
            -25.14127349853516,
            28.1807861328125,
            5.825593948364258
        ],
        "ROSF": [
            15.93645191192627,
            130.09304809570312,
            3.9440066814422607
        ],
        "LOSF": [
            -12.37432098388672,
            131.1928253173828,
            5.737874507904053
        ]
    }
}
