{
    "IntendedFor": "anat/*_space-T1w_desc-groundtruth_afids.fcsv",
    "FiducialsCoordinateSystem": "RAS",
    "FiducialsCoordinateUnits": "mm",
    "FiducialsCoordinateSystemDescription": "RAS orientation: Origin halfway between LPA and RPA, positive x-axis towards RPA, positive y-axis orthogonal to x-axis through Nasion,  z-axis orthogonal to xy-plane, pointing in superior direction.",
    "FiducialsCoordinates": {
        "AC": [
            -0.0799089223146438,
            41.81461715698242,
            -8.795528411865234
        ],
        "PC": [
            0.2052793204784393,
            13.22312831878662,
            -16.766252517700195
        ],
        "ICS": [
            0.1136137843132019,
            3.3173604011535645,
            -27.33856201171875
        ],
        "PMJ": [
            -0.1728570759296417,
            20.347980499267575,
            -30.55718040466309
        ],
        "SIPF": [
            0.1730464845895767,
            24.594816207885746,
            -20.324466705322266
        ],
        "RSLMS": [
            13.45077133178711,
            12.147523880004885,
            -25.3271427154541
        ],
        "LSLMS": [
            -13.035967826843262,
            11.76719856262207,
            -24.78877639770508
        ],
        "RILMS": [
            11.746846199035645,
            10.725406646728516,
            -37.69747924804688
        ],
        "LILMS": [
            -12.7047758102417,
            10.79506778717041,
            -35.844120025634766
        ],
        "CUL": [
            -0.2306293398141861,
            -17.245559692382812,
            -22.67544937133789
        ],
        "IMS": [
            0.0225797109305858,
            31.624176025390625,
            -20.93242454528809
        ],
        "RMB": [
            2.143498182296753,
            31.525333404541016,
            -20.942413330078125
        ],
        "LMB": [
            -2.6448423862457275,
            31.62717628479004,
            -20.729028701782227
        ],
        "PG": [
            0.0233570151031017,
            4.891049385070801,
            -16.637601852416992
        ],
        "RLVAC": [
            16.886493682861328,
            34.413124084472656,
            20.307544708251957
        ],
        "LLVAC": [
            -15.894248962402344,
            34.52670669555664,
            20.2609806060791
        ],
        "RLVPC": [
            20.05845069885254,
            3.684546232223511,
            16.060190200805664
        ],
        "LLVPC": [
            -18.30056381225586,
            3.769533395767212,
            16.227481842041016
        ],
        "GENU": [
            -0.0133750308305025,
            69.96807861328125,
            9.840003967285156
        ],
        "SPLE": [
            0.0360257178544998,
            -4.49576997756958,
            -14.021035194396973
        ],
        "RALTH": [
            33.00981521606445,
            42.33448791503906,
            -35.470054626464844
        ],
        "LALTH": [
            -33.417572021484375,
            39.04054641723633,
            -31.426483154296875
        ],
        "RSAMTH": [
            20.376941680908203,
            30.646238327026367,
            -26.00798988342285
        ],
        "LSAMTH": [
            -22.458541870117188,
            30.37904930114746,
            -25.324180603027344
        ],
        "RIAMTH": [
            24.550594329833984,
            41.8140869140625,
            -36.25732421875
        ],
        "LIAMTH": [
            -23.66391372680664,
            39.820068359375,
            -34.40470504760742
        ],
        "RIGO": [
            15.75687313079834,
            -2.539623737335205,
            -19.129613876342773
        ],
        "LIGO": [
            -15.40827751159668,
            -3.077504396438598,
            -18.549779891967773
        ],
        "RVOH": [
            18.424219131469727,
            -46.4117546081543,
            -32.85938262939453
        ],
        "LVOH": [
            -18.770973205566406,
            -46.57129669189453,
            -32.09962463378906
        ],
        "ROSF": [
            11.60846710205078,
            57.13813018798828,
            -13.05690574645996
        ],
        "LOSF": [
            -13.02858829498291,
            56.48482894897461,
            -13.347761154174805
        ]
    }
}
