{
    "IntendedFor": "anat/*_space-T1w_desc-groundtruth_afids.fcsv",
    "FiducialsCoordinateSystem": "RAS",
    "FiducialsCoordinateUnits": "mm",
    "FiducialsCoordinateSystemDescription": "RAS orientation: Origin halfway between LPA and RPA, positive x-axis towards RPA, positive y-axis orthogonal to x-axis through Nasion,  z-axis orthogonal to xy-plane, pointing in superior direction.",
    "FiducialsCoordinates": {
        "AC": [
            -1.9522587060928345,
            29.008119583129883,
            4.913349628448486
        ],
        "PC": [
            -2.6234002113342285,
            3.113204002380371,
            0.3621206879615783
        ],
        "ICS": [
            -2.6002588272094727,
            -7.340081214904785,
            -9.04916286468506
        ],
        "PMJ": [
            -2.012320041656494,
            9.873005867004396,
            -12.263898849487305
        ],
        "SIPF": [
            -2.196016788482666,
            13.81614112854004,
            -4.266451358795166
        ],
        "RSLMS": [
            9.068404197692873,
            2.1078250408172607,
            -5.768120765686035
        ],
        "LSLMS": [
            -14.356527328491213,
            2.807875156402588,
            -6.980739593505859
        ],
        "RILMS": [
            8.387569427490234,
            1.5095601081848145,
            -14.753005027770996
        ],
        "LILMS": [
            -12.77804470062256,
            1.829545259475708,
            -15.487350463867188
        ],
        "CUL": [
            -2.8403241634368896,
            -21.518388748168945,
            -5.654204368591309
        ],
        "IMS": [
            -1.914087414741516,
            19.819805145263672,
            -5.46268892288208
        ],
        "RMB": [
            -0.2022021263837814,
            19.60594749450684,
            -5.033460140228272
        ],
        "LMB": [
            -3.9656715393066406,
            19.860260009765625,
            -5.640258312225342
        ],
        "PG": [
            -2.80954909324646,
            -3.65632700920105,
            1.4374780654907229
        ],
        "RLVAC": [
            13.360702514648438,
            25.68233108520508,
            29.13648796081543
        ],
        "LLVAC": [
            -18.58650016784668,
            27.384506225585938,
            29.003393173217773
        ],
        "RLVPC": [
            14.77177906036377,
            0.0938469916582107,
            26.330039978027344
        ],
        "LLVPC": [
            -20.523473739624023,
            1.943073272705078,
            26.011703491210938
        ],
        "GENU": [
            -1.5235044956207275,
            58.44475173950195,
            15.25376796722412
        ],
        "SPLE": [
            -3.002262115478516,
            -9.972138404846191,
            2.759251594543457
        ],
        "RALTH": [
            31.704740524291992,
            26.122150421142575,
            -15.2078275680542
        ],
        "LALTH": [
            -33.84711456298828,
            26.227798461914062,
            -16.349760055541992
        ],
        "RSAMTH": [
            17.237131118774414,
            19.09160423278809,
            -6.2621893882751465
        ],
        "LSAMTH": [
            -23.30281639099121,
            16.656822204589844,
            -6.883648872375488
        ],
        "RIAMTH": [
            23.81525039672852,
            25.344200134277344,
            -15.167566299438477
        ],
        "LIAMTH": [
            -27.572633743286133,
            25.75884437561035,
            -16.190040588378906
        ],
        "RIGO": [
            10.698946952819824,
            -10.84388542175293,
            0.3319167494773865
        ],
        "LIGO": [
            -17.880943298339844,
            -11.586881637573242,
            -0.8938303589820862
        ],
        "RVOH": [
            15.88127613067627,
            -46.50641250610352,
            -10.545076370239258
        ],
        "LVOH": [
            -19.74040412902832,
            -48.56490707397461,
            -12.809508323669434
        ],
        "ROSF": [
            9.170252799987791,
            44.510162353515625,
            1.6695994138717651
        ],
        "LOSF": [
            -13.212535858154297,
            44.79579162597656,
            1.029699206352234
        ]
    }
}
