{
    "IntendedFor": "anat/*_space-T1w_desc-groundtruth_afids.fcsv",
    "FiducialsCoordinateSystem": "RAS",
    "FiducialsCoordinateUnits": "mm",
    "FiducialsCoordinateSystemDescription": "RAS orientation: Origin halfway between LPA and RPA, positive x-axis towards RPA, positive y-axis orthogonal to x-axis through Nasion,  z-axis orthogonal to xy-plane, pointing in superior direction.",
    "FiducialsCoordinates": {
        "AC": [
            2.2613635063171387,
            34.96720123291016,
            16.128185272216797
        ],
        "PC": [
            2.127650737762451,
            10.58442497253418,
            9.540281295776367
        ],
        "ICS": [
            2.3075270652771,
            2.7624406814575195,
            0.6856095790863037
        ],
        "PMJ": [
            2.294138669967652,
            17.6015625,
            -2.8144936561584477
        ],
        "SIPF": [
            2.17411470413208,
            19.96378898620605,
            5.960433483123779
        ],
        "RSLMS": [
            15.153913497924805,
            11.137819290161133,
            3.646220207214356
        ],
        "LSLMS": [
            -9.82968044281006,
            12.02364730834961,
            2.865728616714477
        ],
        "RILMS": [
            12.689345359802246,
            9.256683349609377,
            -6.996031761169434
        ],
        "LILMS": [
            -8.002860069274902,
            9.42526626586914,
            -8.582697868347168
        ],
        "CUL": [
            1.43640398979187,
            -16.708772659301758,
            3.3849897384643555
        ],
        "IMS": [
            1.970919370651245,
            26.5158805847168,
            5.723474979400635
        ],
        "RMB": [
            5.027124881744385,
            26.372371673583984,
            5.648251533508301
        ],
        "LMB": [
            -1.5521721839904783,
            26.46299171447754,
            5.564744472503662
        ],
        "PG": [
            2.332932233810425,
            3.0892891883850098,
            10.260286331176758
        ],
        "RLVAC": [
            21.21350860595703,
            27.47718620300293,
            47.07135772705078
        ],
        "LLVAC": [
            -18.804405212402344,
            27.30746078491211,
            47.29811096191406
        ],
        "RLVPC": [
            23.66608047485352,
            0.7417477369308472,
            41.766090393066406
        ],
        "LLVPC": [
            -24.13919258117676,
            1.47114360332489,
            40.70062255859375
        ],
        "GENU": [
            2.36159348487854,
            66.03096008300781,
            30.95257377624512
        ],
        "SPLE": [
            2.1113572120666504,
            -5.114791393280029,
            12.97980499267578
        ],
        "RALTH": [
            38.87287902832031,
            33.888023376464844,
            -8.33711051940918
        ],
        "LALTH": [
            -34.17947006225586,
            35.241539001464844,
            -9.14375114440918
        ],
        "RSAMTH": [
            23.997013092041016,
            25.495513916015625,
            0.3173516988754272
        ],
        "LSAMTH": [
            -20.62992477416992,
            27.575244903564453,
            -0.5368222594261169
        ],
        "RIAMTH": [
            22.924448013305664,
            33.2748908996582,
            -8.483414649963379
        ],
        "LIAMTH": [
            -19.60807991027832,
            33.87851333618164,
            -8.193657875061035
        ],
        "RIGO": [
            18.68776512145996,
            -4.117642879486084,
            8.300284385681152
        ],
        "LIGO": [
            -10.2618408203125,
            -1.5146305561065674,
            7.1438822746276855
        ],
        "RVOH": [
            24.47551155090332,
            -37.71359634399414,
            -0.5773950219154358
        ],
        "LVOH": [
            -17.286832809448242,
            -37.677040100097656,
            -2.841500759124756
        ],
        "ROSF": [
            14.691742897033691,
            49.49321746826172,
            12.239609718322754
        ],
        "LOSF": [
            -10.956000328063965,
            50.70677947998047,
            11.971261978149414
        ]
    }
}
