{
    "IntendedFor": "anat/*_space-T1w_desc-groundtruth_afids.fcsv",
    "FiducialsCoordinateSystem": "RAS",
    "FiducialsCoordinateUnits": "mm",
    "FiducialsCoordinateSystemDescription": "RAS orientation: Origin halfway between LPA and RPA, positive x-axis towards RPA, positive y-axis orthogonal to x-axis through Nasion,  z-axis orthogonal to xy-plane, pointing in superior direction.",
    "FiducialsCoordinates": {
        "AC": [
            -1.0508415699005127,
            61.97013092041016,
            14.72134017944336
        ],
        "PC": [
            -2.189085006713867,
            35.956321716308594,
            7.210843563079834
        ],
        "ICS": [
            -1.4671863317489624,
            28.70076560974121,
            -0.9297598600387572
        ],
        "PMJ": [
            -0.3493471443653106,
            44.51116180419922,
            -4.62962818145752
        ],
        "SIPF": [
            -0.6801123023033142,
            46.56044387817383,
            3.4481983184814453
        ],
        "RSLMS": [
            11.61180019378662,
            35.33391571044922,
            2.362898349761963
        ],
        "LSLMS": [
            -13.259824752807615,
            36.7036361694336,
            -1.077405571937561
        ],
        "RILMS": [
            11.37733268737793,
            33.93819808959961,
            -6.286614418029785
        ],
        "LILMS": [
            -10.887633323669434,
            35.00991439819336,
            -9.980350494384766
        ],
        "CUL": [
            -3.749748945236206,
            10.922419548034668,
            5.412332534790039
        ],
        "IMS": [
            -0.6166604161262512,
            53.44375991821289,
            4.235018253326416
        ],
        "RMB": [
            2.1377248764038086,
            53.46962738037109,
            4.500766277313232
        ],
        "LMB": [
            -2.809864997863769,
            53.58549880981445,
            4.09685754776001
        ],
        "PG": [
            -2.269651412963867,
            29.48360061645508,
            6.709187030792236
        ],
        "RLVAC": [
            14.57668685913086,
            54.15998458862305,
            42.9378776550293
        ],
        "LLVAC": [
            -22.96086311340332,
            56.283390045166016,
            40.18593597412109
        ],
        "RLVPC": [
            14.142250061035156,
            27.37014961242676,
            35.491180419921875
        ],
        "LLVPC": [
            -24.976652145385746,
            31.010128021240234,
            32.30889129638672
        ],
        "GENU": [
            -0.9413780570030212,
            92.23753356933594,
            30.625577926635746
        ],
        "SPLE": [
            -3.767040967941284,
            21.63962745666504,
            10.548075675964355
        ],
        "RALTH": [
            35.94015884399414,
            62.79586410522461,
            -6.15004301071167
        ],
        "LALTH": [
            -30.813152313232425,
            66.39071655273438,
            -11.788168907165527
        ],
        "RSAMTH": [
            21.633520126342773,
            52.31359100341797,
            0.0331131629645824
        ],
        "LSAMTH": [
            -20.7153377532959,
            55.85371780395508,
            -3.323754072189331
        ],
        "RIAMTH": [
            26.949161529541016,
            60.72729110717773,
            -8.436631202697754
        ],
        "LIAMTH": [
            -20.38085174560547,
            64.68299102783203,
            -11.451586723327637
        ],
        "RIGO": [
            15.356030464172363,
            21.84419059753418,
            9.494447708129885
        ],
        "LIGO": [
            -24.353534698486328,
            22.058582305908203,
            3.1823408603668213
        ],
        "RVOH": [
            14.052468299865724,
            -19.613548278808597,
            -5.023364543914795
        ],
        "LVOH": [
            -27.603731155395508,
            -18.49027633666992,
            -14.601600646972656
        ],
        "ROSF": [
            13.520261764526367,
            78.9395523071289,
            11.839741706848145
        ],
        "LOSF": [
            -12.489819526672363,
            79.71620178222656,
            10.124408721923828
        ]
    }
}
