{
    "IntendedFor": "sub-Agile12v2016_T1w.nii.gz",
    "FiducialsCoordinateSystem": "RAS",
    "FiducialsCoordinateUnits": "mm",
    "FiducialsCoordinateSystemDescription": "RAS orientation: Origin halfway between LPA and RPA, positive x-axis towards RPA, positive y-axis orthogonal to x-axis through Nasion,  z-axis orthogonal to xy-plane, pointing in superior direction.",
    "FiducialsCoordinates": {
        "AC": [
            4.1493909375,
            5.678821875,
            1.4795320625
        ],
        "PC": [
            3.230568125,
            -19.9064125,
            -4.8756628125
        ],
        "infracollicular sulcus": [
            2.7960728125,
            -28.60988125,
            -16.037834375
        ],
        "PMJ": [
            3.421190625,
            -13.23296875,
            -20.471746875
        ],
        "superior interpeduncular fossa": [
            3.7356490625,
            -7.0098490625,
            -8.73979625
        ],
        "R superior LMS": [
            15.00718125,
            -18.92895,
            -11.42105
        ],
        "L superior LMS": [
            -8.9887453125,
            -18.22670625,
            -11.611440625
        ],
        "R inferior LMS": [
            12.9510625,
            -19.957878125,
            -22.0481875
        ],
        "L inferior LMS": [
            -6.58012,
            -18.918334375,
            -21.962928125
        ],
        "culmen": [
            1.9017196875,
            -45.484784375,
            -8.999916875
        ],
        "intermammillary sulcus": [
            4.1233628125,
            -0.9788696875,
            -10.8898759375
        ],
        "R MB": [
            6.2728634375,
            -1.11923546875,
            -10.12487625
        ],
        "L MB": [
            2.0539009375,
            -1.0529093125,
            -10.1125115625
        ],
        "pineal gland": [
            2.7084884375,
            -25.85953125,
            -4.796835625
        ],
        "R LV at AC": [
            18.588353125,
            -1.43555084375,
            27.09186875
        ],
        "L LV at AC": [
            -10.36823125,
            -0.48472604996875,
            26.8761625
        ],
        "R LV at PC": [
            19.9445125,
            -27.044696875,
            20.790275
        ],
        "L LV at PC": [
            -14.211640625,
            -25.8343,
            20.192028125
        ],
        "genu of CC": [
            5.6998965625,
            30.37541875,
            17.899746875
        ],
        "splenium of CC": [
            2.7595959375,
            -33.2157875,
            -1.4735090625
        ],
        "R AL temporal horn": [
            34.593409375,
            4.67608296875,
            -19.13281875
        ],
        "L AL temporal horn": [
            -26.09055,
            5.6104065625,
            -18.54696875
        ],
        "R superior AM temporal horn": [
            20.01790625,
            -2.7720371875,
            -12.648403125
        ],
        "L superior AM temporal horn": [
            -12.713090625,
            -1.5686535,
            -13.346115625
        ],
        "R inferior AM temporal horn": [
            23.83704375,
            5.44529328125,
            -20.423478125
        ],
        "L inferior AM temporal horn": [
            -15.429971875,
            6.27710625,
            -20.405490625
        ],
        "R indusium griseum origin": [
            15.39044375,
            -36.3536625,
            -4.7835621875
        ],
        "L indusium griseum origin": [
            -11.80639375,
            -36.848665625,
            -5.417424375
        ],
        "R ventral occipital horn": [
            17.988434375,
            -72.19396875,
            -15.9282
        ],
        "L ventral occipital horn": [
            -17.312128125,
            -72.209359375,
            -16.6732875
        ],
        "R olfactory sulcal fundus": [
            16.650659375,
            21.919425,
            1.23355321875
        ],
        "L olfactory sulcal fundus": [
            -6.7836909375,
            22.16438125,
            -0.05127345
        ]
    }
}
